,codigoClasse,codigoGrupo,nomeGrupo,nomeClasse,statusClasse,dataHoraAtualizacao,dataCarga
0,1005,10,ARMAMENTO,ARMAS DE FOGO DE CALIBRE ATÉ 120MM,True,2021-10-16 09:17:13.045775,2026-08-08
1,1010,10,ARMAMENTO,ARMAS DE FOGO DE CALIBRE ACIMA DE 30MM ATÉ 75MM,True,2021-10-16 09:17:13.045775,2026-08-08
2,1015,10,ARMAMENTO,ARMAS DE FOGO DE CALIBRE ACIMA DE 75MM ATÉ 125MM,True,2021-10-16 09:17:13.045775,2026-08-08
3,1020,10,ARMAMENTO,ARMAS DE FOGO DE CALIBRE ACIMA DE 125MM ATÉ 150MM,True,2021-10-16 09:17:13.045775,2026-08-08
4,1025,10,ARMAMENTO,ARMAS DE FOGO DE CALIBRE ACIMA DE 150MM ATÉ 200MM,True,2021-10-16 09:17:13.045775,2026-08-08
5,1030,10,ARMAMENTO,ARMAS DE FOGO DE CALIBRE ACIMA DE 200MM ATÉ 300MM,True,2021-10-16 09:17:13.045775,2026-08-08
6,1035,10,ARMAMENTO,ARMAS DE FOGO DE CALIBRE ACIMA DE 300MM,True,2021-10-16 09:17:13.045775,2026-08-08
7,1040,10,ARMAMENTO,ARMAMENTO E EQUIPAMENTOS DE GUERRA QUÍMICA,True,2021-10-16 09:17:13.045775,2026-08-08
8,1045,10,ARMAMENTO,LANÇADORES DE TORPEDOS E DE BOMBAS DE PROFUNDIDADE,True,2021-10-16 09:17:13.045775,2026-08-08
9,1055,10,ARMAMENTO,LANÇADORES DE FOGUETES E PIROTÉCNICOS,True,2021-10-16 09:17:13.045775,2026-08-08
10,1070,10,ARMAMENTO,REDES SUBMARINAS DE DEFESA DE PORTOS,True,2021-10-16 09:17:13.045775,2026-08-08
11,1075,10,ARMAMENTO,EQUIPAMENTOS DE DESMAGNETIZAÇÃO E DE VARREDURA DE MINAS,True,2021-10-16 09:17:13.045775,2026-08-08
12,1080,10,ARMAMENTO,EQUIPAMENTOS DE CAMUFLAGEM E DE DISSIMULAÇÃO,True,2021-10-16 09:17:13.045775,2026-08-08
13,1090,10,ARMAMENTO,CONJUNTOS INTERCAMBIÁVEIS DE DUAS OU MAIS CLASSES,True,2021-10-16 09:17:13.045775,2026-08-08
14,1095,10,ARMAMENTO,ARMAMENTOS DIVERSOS,True,2021-10-16 09:17:13.045775,2026-08-08
15,1105,11,MATERIAIS BÉLICOS NUCLEARES,BOMBAS NUCLEARES,True,2021-10-16 09:17:13.045775,2026-08-08
16,1110,11,MATERIAIS BÉLICOS NUCLEARES,PROJÉTEIS NUCLEARES,True,2021-10-16 09:17:13.045775,2026-08-08
17,1115,11,MATERIAIS BÉLICOS NUCLEARES,OGIVAS NUCLEARES E SEÇÕES DE OGIVAS NUCLEARES,True,2021-10-16 09:17:13.045775,2026-08-08
18,1120,11,MATERIAIS BÉLICOS NUCLEARES,BOMBAS NUCLEARES DE PROFUNDIDADE,True,2021-10-16 09:17:13.045775,2026-08-08
19,1125,11,MATERIAIS BÉLICOS NUCLEARES,CARGAS NUCLEARES DE DEMOLIÇÃO,True,2021-10-16 09:17:13.045775,2026-08-08
20,1127,11,MATERIAIS BÉLICOS NUCLEARES,FOGUETES NUCLEARES,True,2021-10-16 09:17:13.045775,2026-08-08
21,1130,11,MATERIAIS BÉLICOS NUCLEARES,CONJUNTOS DE CONVERSÃO PARA ARMAMENTO NUCLEAR,True,2021-10-16 09:17:13.045775,2026-08-08
22,1135,11,MATERIAIS BÉLICOS NUCLEARES,DISPOSITIVOS DE DETONAÇÃO E DISPARO DE ARMAMENTO,True,2021-10-16 09:17:13.045775,2026-08-08
23,1140,11,MATERIAIS BÉLICOS NUCLEARES,COMPONENTES NUCLEARES,True,2021-10-16 09:17:13.045775,2026-08-08
24,1145,11,MATERIAIS BÉLICOS NUCLEARES,COMPONENTES EXPLOSIVOS E PIROTÉCNICOS DE ARMAMENTO NUCLEAR,True,2021-10-16 09:17:13.045775,2026-08-08
25,1190,11,MATERIAIS BÉLICOS NUCLEARES,EQUIPAMENTO ESPECIALIZADO DE MANUSEIO E ENSAIO DE  ARMAMENTONUCLEAR,True,2021-10-16 09:17:13.045775,2026-08-08
26,1195,11,MATERIAIS BÉLICOS NUCLEARES,MATERIAL BÉLICO NUCLEAR DIVERSOS,True,2021-10-16 09:17:13.045775,2026-08-08
27,1210,12,EQUIPAMENTOS DE TIRO,DIRETORAS DE CONTROLE DE TIRO,True,2021-10-16 09:17:13.045775,2026-08-08
28,1220,12,EQUIPAMENTOS DE TIRO,DISPOSITIVOS E CORRETORES DE CONTROLE DE TIRO,True,2021-10-16 09:17:13.045775,2026-08-08
29,1230,12,EQUIPAMENTOS DE TIRO,SISTEMAS COMPLETOS DE CONTROLE DE TIRO,True,2021-10-16 09:17:13.045775,2026-08-08
30,1240,12,EQUIPAMENTOS DE TIRO,EQUIPAMENTOS ÓTICOS DE VISADA E MEDIÇÃO DE DISTÂNCIA,True,2021-10-16 09:17:13.045775,2026-08-08
31,1250,12,EQUIPAMENTOS DE TIRO,MECANISMOS DE ESTABILIZAÇÃO E CONTROLE DE TIRO,True,2021-10-16 09:17:13.045775,2026-08-08
32,1260,12,EQUIPAMENTOS DE TIRO,EQUIPAMENTO DE DESIGNAÇÃO E INDICAÇÃO DE CONTROLE DE TIRO,True,2021-10-16 09:17:13.045775,2026-08-08
33,1265,12,EQUIPAMENTOS DE TIRO,EQUIPAMENTO DE RECEPÇÃO E TRANSMISSÃO DE  CONTROLE  DE  TIRO(EXCETO DE AERONAVE),True,2021-10-16 09:17:13.045775,2026-08-08
34,1270,12,EQUIPAMENTOS DE TIRO,COMPONENTES DE CONTROLE DE TIRO DE AERONAVES,True,2021-10-16 09:17:13.045775,2026-08-08
35,1280,12,EQUIPAMENTOS DE TIRO,COMPONENTES DE CONTROLE DE TIRO EM AERONAVES DE BOMBARDEIO,True,2021-10-16 09:17:13.045775,2026-08-08
36,1285,12,EQUIPAMENTOS DE TIRO,EQUIPAMENTO RADAR DE CONTROLE DE TIRO (EXCETO DE AERONAVES),True,2021-10-16 09:17:13.045775,2026-08-08
37,1287,12,EQUIPAMENTOS DE TIRO,EQUIPAMENTO SONAR DE CONTROLE DE TIRO,True,2021-10-16 09:17:13.045775,2026-08-08
38,1290,12,EQUIPAMENTOS DE TIRO,EQUIPAMENTOS DIVERSOS DE CONTROLE DE TIRO,True,2021-10-16 09:17:13.045775,2026-08-08
39,1295,12,EQUIPAMENTOS DE TIRO,EQUIPAMENTO DE CONTROLE DE TIRO DIVERSOS,False,2021-10-16 09:17:13.045775,2026-08-08
40,1305,13,MUNIÇÕES E EXPLOSIVOS,MUNIÇÃO DE CALIBRE ATÉ 30 MM,True,2021-10-16 09:17:13.045775,2026-08-08
41,1310,13,MUNIÇÕES E EXPLOSIVOS,MUNIÇÃO DE CALIBRE ACIMA DE 30 MM ATÉ 75 MM,True,2021-10-16 09:17:13.045775,2026-08-08
42,1315,13,MUNIÇÕES E EXPLOSIVOS,MUNIÇÃO DE CALIBRE ACIMA DE 75MM ATÉE 125MM,True,2021-10-16 09:17:13.045775,2026-08-08
43,1320,13,MUNIÇÕES E EXPLOSIVOS,MUNIÇÃO DE CALIBRE ACIMA DE 125 MM,True,2021-10-16 09:17:13.045775,2026-08-08
44,1325,13,MUNIÇÕES E EXPLOSIVOS,BOMBAS,True,2021-10-16 09:17:13.045775,2026-08-08
45,1330,13,MUNIÇÕES E EXPLOSIVOS,GRANADAS,True,2021-10-16 09:17:13.045775,2026-08-08
46,1336,13,MUNIÇÕES E EXPLOSIVOS,OGIVAS E COMPONENTES EXPLOSIVOS DE MISSEIS GUIADOS,True,2021-10-16 09:17:13.045775,2026-08-08
47,1337,13,MUNIÇÕES E EXPLOSIVOS,UNIDADES DE PROPULSAO EXPLOSIVA A COMBUSTIVEL SOLIDO DE VEICULOS ESPACIAIS E MISSEIS GUIADOS E SEUS COMPONENTES,True,2021-10-16 09:17:13.045775,2026-08-08
48,1338,13,MUNIÇÕES E EXPLOSIVOS,UNIDADES DE PROPULSAO INERTES A COMBUSTIVEL SOLIDO DE VEICULOS ESPACIAIS E MISSEIS GUIADOS E SEUS COMPONENTES,True,2021-10-16 09:17:13.045775,2026-08-08
49,1340,13,MUNIÇÕES E EXPLOSIVOS,"ROJÕES, FOGUETES, MUNIÇÃO E COMPONENTES",True,2021-10-16 09:17:13.045775,2026-08-08
50,1345,13,MUNIÇÕES E EXPLOSIVOS,MINAS TERRESTRES,True,2021-10-16 09:17:13.045775,2026-08-08
51,1346,13,MUNIÇÕES E EXPLOSIVOS,MUNIÇÕES DE CONTROLE À DISTÂNCIA,True,2021-10-16 09:17:13.045775,2026-08-08
52,1350,13,MUNIÇÕES E EXPLOSIVOS,COMPONENTES INERTES DE MINA SUBMARINA,True,2021-10-16 09:17:13.045775,2026-08-08
53,1351,13,MUNIÇÕES E EXPLOSIVOS,COMPONENTES EXPLOSIVOS DE MINAS SUBMARINAS,True,2021-10-16 09:17:13.045775,2026-08-08
54,1352,13,MUNIÇÕES E EXPLOSIVOS,DISPOSITIVOS INERTES DE MINAS SUBAQUÁTICAS,True,2021-10-16 09:17:13.045775,2026-08-08
55,1353,13,MUNIÇÕES E EXPLOSIVOS,DISPOSITIVOS EXPLOSIVOS DE MINAS SUBAQUÁTICAS,True,2021-10-16 09:17:13.045775,2026-08-08
56,1355,13,MUNIÇÕES E EXPLOSIVOS,COMPONENTES INERTES DE TORPEDOS,True,2021-10-16 09:17:13.045775,2026-08-08
57,1356,13,MUNIÇÕES E EXPLOSIVOS,COMPONENTES EXPLOSIVOS DE TORPEDOS,True,2021-10-16 09:17:13.045775,2026-08-08
58,1360,13,MUNIÇÕES E EXPLOSIVOS,COMPONENTES INERTES DE CARGAS DE PROFUNDIDADE,True,2021-10-16 09:17:13.045775,2026-08-08
59,1361,13,MUNIÇÕES E EXPLOSIVOS,COMPONENTES EXPLOSIVOS DE BOMBAS DE PROFUNDIDADE,True,2021-10-16 09:17:13.045775,2026-08-08
60,1367,13,MUNIÇÕES E EXPLOSIVOS,CONJUNTOS E EQUIPAMENTOS TÁTICOS,True,2021-10-16 09:17:13.045775,2026-08-08
61,1370,13,MUNIÇÕES E EXPLOSIVOS,PIROTECNICOS,True,2021-10-16 09:17:13.045775,2026-08-08
62,1375,13,MUNIÇÕES E EXPLOSIVOS,MATERIAIS DE DEMOLIÇÃO,True,2021-10-16 09:17:13.045775,2026-08-08
63,1376,13,MUNIÇÕES E EXPLOSIVOS,EXPLOSIVOS A GRANEL,True,2021-10-16 09:17:13.045775,2026-08-08
64,1377,13,MUNIÇÕES E EXPLOSIVOS,DISPOSITIVOS ACIONADOS POR PROPELENTES E CARTUCHOS,True,2021-10-16 09:17:13.045775,2026-08-08
65,1380,13,MUNIÇÕES E EXPLOSIVOS,AGENTES BIOLOGICOS DE USO MILITAR,True,2021-10-16 09:17:13.045775,2026-08-08
66,1385,13,MUNIÇÕES E EXPLOSIVOS,EQUIPAMENTOS E FERRAMENTAS PARA MANUSEIO DE EXPLOSIVO NA SU-PERFÍCIE,True,2021-10-16 09:17:13.045775,2026-08-08
67,1386,13,MUNIÇÕES E EXPLOSIVOS,EQUIPAMENTOS E FERRAMENTAS PARA MANUSEIO DE  EXPLOSIVO  SUB-MERSO,True,2021-10-16 09:17:13.045775,2026-08-08
68,1390,13,MUNIÇÕES E EXPLOSIVOS,ESPOLETAS E ESTOPILHAS,True,2021-10-16 09:17:13.045775,2026-08-08
69,1395,13,MUNIÇÕES E EXPLOSIVOS,COMPONENTES DIVERSOS DE MUNIÇÃO,True,2021-10-16 09:17:13.045775,2026-08-08
70,1398,13,MUNIÇÕES E EXPLOSIVOS,EQUIPAMENTOS ESPECIALIZADOS PARA MANUSEIO E CONSERVACAO DE MUNICAO,True,2021-10-16 09:17:13.045775,2026-08-08
71,1410,14,MÍSSEIS GUIADOS,MÍSSEIS GUIADOS,True,2021-10-16 09:17:13.045775,2026-08-08
72,1420,14,MÍSSEIS GUIADOS,COMPONENTES DE MÍSSEIS GUIADOS,True,2021-10-16 09:17:13.045775,2026-08-08
73,1425,14,MÍSSEIS GUIADOS,SISTEMAS COMPLETOS DE MÍSSEIS GUIADOS,True,2021-10-16 09:17:13.045775,2026-08-08
74,1427,14,MÍSSEIS GUIADOS,SUBSISTEMAS DE MÍSSEIS GUIADOS,True,2021-10-16 09:17:13.045775,2026-08-08
75,1430,14,MÍSSEIS GUIADOS,SISTEMA DE CONTROLE REMOTO DE MÍSSEIS GUIADOS,True,2021-10-16 09:17:13.045775,2026-08-08
76,1440,14,MÍSSEIS GUIADOS,LANÇADORES DE MÍSSEIS GUIADOS,True,2021-10-16 09:17:13.045775,2026-08-08
77,1450,14,MÍSSEIS GUIADOS,EQUIPAMENTO PARA MANUSEIO DE MANUTENÇÃO DE MÍSSEIS GUIADOS,True,2021-10-16 09:17:13.045775,2026-08-08
78,1495,14,MÍSSEIS GUIADOS,MISSEIS GUIADOS DIVERSOS,False,2021-10-16 09:17:13.045775,2026-08-08
79,1505,15,AERONAVES E SEUS COMPONENTES ESTRUTURAIS,AERONAVES,False,2021-10-16 09:17:13.045775,2026-08-08
80,1510,15,AERONAVES E SEUS COMPONENTES ESTRUTURAIS,AERONAVES DE ASAS FIXAS,True,2021-10-16 09:17:13.045775,2026-08-08
81,1515,15,AERONAVES E SEUS COMPONENTES ESTRUTURAIS,HELICES DE AERONAVES E COMPONENTES,False,2021-10-16 09:17:13.045775,2026-08-08
82,1520,15,AERONAVES E SEUS COMPONENTES ESTRUTURAIS,AERONAVES DE ASA ROTATIVAS,True,2021-10-16 09:17:13.045775,2026-08-08
83,1525,15,AERONAVES E SEUS COMPONENTES ESTRUTURAIS,COMPONENTES DE SISTEMA DE FREIOS E RODAS,False,2021-10-16 09:17:13.045775,2026-08-08
84,1530,15,AERONAVES E SEUS COMPONENTES ESTRUTURAIS,"COMPNENTES DE SISTEMA HIDRAULICO, DE VACUO E  DEGELAMENTO",False,2021-10-16 09:17:13.045775,2026-08-08
85,1535,15,AERONAVES E SEUS COMPONENTES ESTRUTURAIS,"COMPONENTE DE SISTEMAS DE CONDICIONAMENTO  DE  AR,DO AQUECIMENTO E DE PRESSURIZACAO",False,2021-10-16 09:17:13.045775,2026-08-08
86,1540,15,AERONAVES E SEUS COMPONENTES ESTRUTURAIS,PLANADORES,True,2021-10-16 09:17:13.045775,2026-08-08
87,1550,15,AERONAVES E SEUS COMPONENTES ESTRUTURAIS,AERONAVES TELEGUIADAS,True,2021-10-16 09:17:13.045775,2026-08-08
88,1560,15,AERONAVES E SEUS COMPONENTES ESTRUTURAIS,COMPONENTES ESTRUTURAIS DE AERONAVES,True,2021-10-16 09:17:13.045775,2026-08-08
89,1595,15,AERONAVES E SEUS COMPONENTES ESTRUTURAIS,AERONAVES E COMPONENTES ESTRUTURAIS DIVERSOS,False,2021-10-16 09:17:13.045775,2026-08-08
90,1610,16,COMPONENTES E ACESSORIOS DE AERONAVES,HELICES DE AERONAVES,True,2021-10-16 09:17:13.045775,2026-08-08
91,1615,16,COMPONENTES E ACESSORIOS DE AERONAVES,"PÁS DE ROTOR DE HELICOPTERO, MECANISMOS DE TRANSMISSÃO E    COMPONENTES",True,2021-10-16 09:17:13.045775,2026-08-08
92,1620,16,COMPONENTES E ACESSORIOS DE AERONAVES,COMPONENTES DE TREM DE POUSO DE AERONAVE,True,2021-10-16 09:17:13.045775,2026-08-08
93,1630,16,COMPONENTES E ACESSORIOS DE AERONAVES,SISTEMAS DE RODAS E DE FREIO DE AERONAVES,True,2021-10-16 09:17:13.045775,2026-08-08
94,1650,16,COMPONENTES E ACESSORIOS DE AERONAVES,"COMPONENTES DOS SISTEMAS HIDRÁULICOS,DE VÁCUO E DEGELO      DE AERONAVES",True,2021-10-16 09:17:13.045775,2026-08-08
95,1660,16,COMPONENTES E ACESSORIOS DE AERONAVES,"EQUIPAMENTOS DE AR CONCICIONADO, AQUECIMENTO E PRESSURIZAÇÃODE AERONAVES",True,2021-10-16 09:17:13.045775,2026-08-08
96,1670,16,COMPONENTES E ACESSORIOS DE AERONAVES,"PÁRA-QUEDAS,SISTEMAS DE COLETA, LANÇAMENTO E RESGATE AÉREO  E EQUIPAMENTOS DE AMARRAÇÃO DE CARGAS",True,2021-10-16 09:17:13.045775,2026-08-08
97,1680,16,COMPONENTES E ACESSORIOS DE AERONAVES,ACESSORIOS E COMPONENTES DIVERSOS DE AERONAVES,True,2021-10-16 09:17:13.045775,2026-08-08
98,1695,16,COMPONENTES E ACESSORIOS DE AERONAVES,COMPONENTES E ACESSORIOS DE AERONAVES DIVERSOS,False,2021-10-16 09:17:13.045775,2026-08-08
99,1705,17,"EQUIPAMENTOS PARA LANCAMENTOS, POUSO E MANOBRA DE AERONAVES",EQUIPAMENTOS PARA SERVICOS DE AERODROMOS,False,2021-10-16 09:17:13.045775,2026-08-08
100,1710,17,"EQUIPAMENTOS PARA LANCAMENTOS, POUSO E MANOBRA DE AERONAVES",EQUIPAMENTOS PARA POUSO DE AERONAVES,True,2021-10-16 09:17:13.045775,2026-08-08
101,1720,17,"EQUIPAMENTOS PARA LANCAMENTOS, POUSO E MANOBRA DE AERONAVES",EQUIPAMENTOS PARA LANÇAMENTO DE AERONAVES,True,2021-10-16 09:17:13.045775,2026-08-08
102,1730,17,"EQUIPAMENTOS PARA LANCAMENTOS, POUSO E MANOBRA DE AERONAVES",EQUIPAMENTOS DE SERVICOS EM TERRA DE AERONAVES,True,2021-10-16 09:17:13.045775,2026-08-08
103,1740,17,"EQUIPAMENTOS PARA LANCAMENTOS, POUSO E MANOBRA DE AERONAVES",TRATORES E REBOQUES ESPECIALIZADOS PARA AEROPORTOS,True,2021-10-16 09:17:13.045775,2026-08-08
104,1795,17,"EQUIPAMENTOS PARA LANCAMENTOS, POUSO E MANOBRA DE AERONAVES","EQUIPAMENTOS PARA LANCAMENTO, POUSO E MANOBRA  DE  AERONAVESDIVERSOS",False,2021-10-16 09:17:13.045775,2026-08-08
105,1805,18,VEICULOS ESPACIAIS (ASTRONAVES),VEICULOS,False,2021-10-16 09:17:13.045775,2026-08-08
106,1810,18,VEICULOS ESPACIAIS (ASTRONAVES),VEÍCULOS ESPACIAIS,True,2021-10-16 09:17:13.045775,2026-08-08
107,1820,18,VEICULOS ESPACIAIS (ASTRONAVES),COMPONENTES DE VEICULOS ESPACIAIS,True,2021-10-16 09:17:13.045775,2026-08-08
108,1830,18,VEICULOS ESPACIAIS (ASTRONAVES),SISTEMAS DE CONTROLE REMOTO DE VEICULOS ESPACIAIS,True,2021-10-16 09:17:13.045775,2026-08-08
109,1840,18,VEICULOS ESPACIAIS (ASTRONAVES),LANCADORES DE VEICULOS ESPACIAIS,True,2021-10-16 09:17:13.045775,2026-08-08
110,1850,18,VEICULOS ESPACIAIS (ASTRONAVES),EQUIPAMENTOS DE SERVICOS E MANUSEIO DE VEICULOS ESPACIAIS,True,2021-10-16 09:17:13.045775,2026-08-08
111,1860,18,VEICULOS ESPACIAIS (ASTRONAVES),EQUIPAMENTOS DE SOBREVIVÊNCIA ESPACIAL,True,2021-10-16 09:17:13.045775,2026-08-08
112,1895,18,VEICULOS ESPACIAIS (ASTRONAVES),VEICULOS ESPACIAIS DIVERSOS,False,2021-10-16 09:17:13.045775,2026-08-08
113,1905,19,"NAVIOS, PEQUENAS EMBARCACOES, PONTOES E DIQUES FLUTUANTES",NAVIOS DE GUERRA E EMBARCACOES DE DESEMBARQUE,True,2021-10-16 09:17:13.045775,2026-08-08
114,1910,19,"NAVIOS, PEQUENAS EMBARCACOES, PONTOES E DIQUES FLUTUANTES",NAVIOS PARA TRANSPORTE DE PASSAGEIRO E DE TROPA,True,2021-10-16 09:17:13.045775,2026-08-08
115,1915,19,"NAVIOS, PEQUENAS EMBARCACOES, PONTOES E DIQUES FLUTUANTES",NAVIOS TANQUES E CARGUEIROS,True,2021-10-16 09:17:13.045775,2026-08-08
116,1920,19,"NAVIOS, PEQUENAS EMBARCACOES, PONTOES E DIQUES FLUTUANTES",NAVIOS PESQUEIROS,True,2021-10-16 09:17:13.045775,2026-08-08
117,1925,19,"NAVIOS, PEQUENAS EMBARCACOES, PONTOES E DIQUES FLUTUANTES",NAVIOS DE SERVICOS ESPECIAIS,True,2021-10-16 09:17:13.045775,2026-08-08
118,1930,19,"NAVIOS, PEQUENAS EMBARCACOES, PONTOES E DIQUES FLUTUANTES",BATELOES E CHATAS PARA CARGAS,True,2021-10-16 09:17:13.045775,2026-08-08
119,1935,19,"NAVIOS, PEQUENAS EMBARCACOES, PONTOES E DIQUES FLUTUANTES",BATELOES E CHATAS PARA FINS ESPECIAIS,True,2021-10-16 09:17:13.045775,2026-08-08
120,1940,19,"NAVIOS, PEQUENAS EMBARCACOES, PONTOES E DIQUES FLUTUANTES",EMBARCAÇÕES PEQUENAS,True,2021-10-16 09:17:13.045775,2026-08-08
121,1945,19,"NAVIOS, PEQUENAS EMBARCACOES, PONTOES E DIQUES FLUTUANTES",PONTÕES E DOCAS FLUTUANTES,True,2021-10-16 09:17:13.045775,2026-08-08
122,1950,19,"NAVIOS, PEQUENAS EMBARCACOES, PONTOES E DIQUES FLUTUANTES",DIQUES FLUTUANTES,True,2021-10-16 09:17:13.045775,2026-08-08
123,1955,19,"NAVIOS, PEQUENAS EMBARCACOES, PONTOES E DIQUES FLUTUANTES",DRAGAS,True,2021-10-16 09:17:13.045775,2026-08-08
124,1990,19,"NAVIOS, PEQUENAS EMBARCACOES, PONTOES E DIQUES FLUTUANTES",EMBARCACOES DIVERSAS,True,2021-10-16 09:17:13.045775,2026-08-08
125,2010,20,EQUIPAMENTOS PARA NAVIOS E EMBARCACOES,EQUIPAMENTOS DE PROPULSÃO DE NAVIOS E EMBARCAÇÕES,True,2021-10-16 09:17:13.045775,2026-08-08
126,2020,20,EQUIPAMENTOS PARA NAVIOS E EMBARCACOES,CORDAMES E EQUIPAMENTOS CORRELATOS,True,2021-10-16 09:17:13.045775,2026-08-08
127,2030,20,EQUIPAMENTOS PARA NAVIOS E EMBARCACOES,MAQUINARIA DE CONVES,True,2021-10-16 09:17:13.045775,2026-08-08
128,2040,20,EQUIPAMENTOS PARA NAVIOS E EMBARCACOES,FERRAGENS DE MARINHARIA E ITENS DE CASCO,True,2021-10-16 09:17:13.045775,2026-08-08
129,2050,20,EQUIPAMENTOS PARA NAVIOS E EMBARCACOES,BOIAS,True,2021-10-16 09:17:13.045775,2026-08-08
130,2060,20,EQUIPAMENTOS PARA NAVIOS E EMBARCACOES,EQUIPAMENTO COMERCIAL DE PESCA,True,2021-10-16 09:17:13.045775,2026-08-08
131,2090,20,EQUIPAMENTOS PARA NAVIOS E EMBARCACOES,EQUIPAMENTOS DIVERSOS PARA NAVIOS E MARINHARIA,True,2021-10-16 09:17:13.045775,2026-08-08
132,2210,22,EQUIPAMENTOS FERROVIÁRIOS,LOCOMOTIVAS,True,2021-10-16 09:17:13.045775,2026-08-08
133,2220,22,EQUIPAMENTOS FERROVIÁRIOS,VAGÕES FERROVIÁRIOS,True,2021-10-16 09:17:13.045775,2026-08-08
134,2230,22,EQUIPAMENTOS FERROVIÁRIOS,EQUIPAMENTO DE CONSTRUÇAO E MANUTENÇAO DE LEITO DE FERROVIA,True,2021-10-16 09:17:13.045775,2026-08-08
135,2240,22,EQUIPAMENTOS FERROVIÁRIOS,ACESSÓRIOS E COMPONENTES DE LOCOMOTIVAS E DE VAGÕES FERROVI-ÁRIOS,True,2021-10-16 09:17:13.045775,2026-08-08
136,2250,22,EQUIPAMENTOS FERROVIÁRIOS,MATERIAIS DE FERROVIA,True,2021-10-16 09:17:13.045775,2026-08-08
137,2305,23,VEíCULOS,VEÍCULOS DE EFEITO-SOLO,True,2021-10-16 09:17:13.045775,2026-08-08
138,2310,23,VEíCULOS,VEÍCULOS MOTORIZADOS DE PASSAGEIROS,True,2021-10-16 09:17:13.045775,2026-08-08
139,2320,23,VEíCULOS,VEÍCULOS SOBRE RODAS,True,2021-10-16 09:17:13.045775,2026-08-08
140,2330,23,VEíCULOS,REBOQUES,True,2021-10-16 09:17:13.045775,2026-08-08
141,2340,23,VEíCULOS,"MOTOCICLETAS, MOTONETAS E BICICLETAS",True,2021-10-16 09:17:13.045775,2026-08-08
142,2350,23,VEíCULOS,VEÍCULOS TÁTICOS SOBRE LAGARTAS,True,2021-10-16 09:17:13.045775,2026-08-08
143,2410,24,TRATORES,TRATORES DE BAIXA VELOCIDADE SOBRE LAGARTA,True,2021-10-16 09:17:13.045775,2026-08-08
144,2420,24,TRATORES,TRATORES SOBRE RODAS,True,2021-10-16 09:17:13.045775,2026-08-08
145,2430,24,TRATORES,TRATORES DE ALTA VELOCIDADE SOBRE LAGARTAS,True,2021-10-16 09:17:13.045775,2026-08-08
146,2510,25,COMPONENTES DE VEÍCULOS,"COMPONENTES DE CABINE, CARROCERIA E CHASSIS DE VEÍCULOS",True,2021-10-16 09:17:13.045775,2026-08-08
147,2520,25,COMPONENTES DE VEÍCULOS,COMPONENTES DE TRANSMISSÃO DE VEÍCULOS,True,2021-10-16 09:17:13.045775,2026-08-08
148,2530,25,COMPONENTES DE VEÍCULOS,"COMPONENTES DE FREIO, DIREÇÃO, EIXO, RODA E LAGARTA  DE  VEÍCULOS",True,2021-10-16 09:17:13.045775,2026-08-08
149,2540,25,COMPONENTES DE VEÍCULOS,EQUIPAMENTO E ACESSÓRIOS PARA VEÍCULOS,True,2021-10-16 09:17:13.045775,2026-08-08
150,2541,25,COMPONENTES DE VEÍCULOS,ACESSÓRIOS VEICULARES ESPECÍFICOS PARA SISTEMAS DE ARMAS,True,2021-10-16 09:17:13.045775,2026-08-08
151,2590,25,COMPONENTES DE VEÍCULOS,COMPONENTES DIVERSOS PARA VEÍCULOS,True,2021-10-16 09:17:13.045775,2026-08-08
152,2610,26,PNEUS E CÂMARAS DE AR,"PNEUS E CÂMARAS DE AR, EXCETO OS DE AERONAVES",True,2021-10-16 09:17:13.045775,2026-08-08
153,2620,26,PNEUS E CÂMARAS DE AR,PNEUS E CÂMARAS DE AR DE AERONAVES,True,2021-10-16 09:17:13.045775,2026-08-08
154,2630,26,PNEUS E CÂMARAS DE AR,PNEUS MACIÇO E DE BAIXA PRESSÃO,True,2021-10-16 09:17:13.045775,2026-08-08
155,2640,26,PNEUS E CÂMARAS DE AR,MATERIAL PARA REFORMA E REPARO DE PNEUS E CÂMARAS DE AR,True,2021-10-16 09:17:13.045775,2026-08-08
156,2805,28,"MOTORES, TURBINAS E SEUS COMPONENTES","MOTORES A GASOLINA E COMPONENTES, EXCETO  OS DE AERONAVES",True,2021-10-16 09:17:13.045775,2026-08-08
157,2810,28,"MOTORES, TURBINAS E SEUS COMPONENTES",MOTORES A GASOLINA PARA AERONAVES E COMPONENTES,True,2021-10-16 09:17:13.045775,2026-08-08
158,2815,28,"MOTORES, TURBINAS E SEUS COMPONENTES",MOTORES DIESEL E COMPONENTES,True,2021-10-16 09:17:13.045775,2026-08-08
159,2820,28,"MOTORES, TURBINAS E SEUS COMPONENTES",MÁQUINAS ALTERNATIVAS A VAPOR E COMPONENTES,True,2021-10-16 09:17:13.045775,2026-08-08
160,2825,28,"MOTORES, TURBINAS E SEUS COMPONENTES",TURBINAS A VAPOR E COMPONENTES,True,2021-10-16 09:17:13.045775,2026-08-08
161,2830,28,"MOTORES, TURBINAS E SEUS COMPONENTES",TURBINAS E RODAS D'ÁGUA E COMPONENTES,True,2021-10-16 09:17:13.045775,2026-08-08
162,2835,28,"MOTORES, TURBINAS E SEUS COMPONENTES","TURBINAS A GÁS E MOTORES A JATO E COMPONENTES, EXCETO OS  DEAERONAVE",True,2021-10-16 09:17:13.045775,2026-08-08
163,2840,28,"MOTORES, TURBINAS E SEUS COMPONENTES",TURBINAS A GÁS E MOTORES A JATO DE AERONAVES E COMPONENTES,True,2021-10-16 09:17:13.045775,2026-08-08
164,2845,28,"MOTORES, TURBINAS E SEUS COMPONENTES",MOTORES DE FOGUETES E COMPONENTES,True,2021-10-16 09:17:13.045775,2026-08-08
165,2850,28,"MOTORES, TURBINAS E SEUS COMPONENTES",MOTORES ROTATIVOS A GASOLINA E COMPONENTES,True,2021-10-16 09:17:13.045775,2026-08-08
166,2895,28,"MOTORES, TURBINAS E SEUS COMPONENTES",MOTORES DIVERSOS E COMPONENTES,True,2021-10-16 09:17:13.045775,2026-08-08
167,2910,29,ACESSÓRIOS DE MOTORES,"COMPONENTES DO SISTEMA DE COMBUSTÍVEL DE  MOTORES, EXCETO OSDE AERONAVES",True,2021-10-16 09:17:13.045775,2026-08-08
168,2915,29,ACESSÓRIOS DE MOTORES,COMPONENTES DO SISTEMA DE COMBUSTÍVEL DE MOTORES  DE  AERONAVES,True,2021-10-16 09:17:13.045775,2026-08-08
169,2920,29,ACESSÓRIOS DE MOTORES,"COMPONENTES DO SISTEMA ELÉTRICO DE MOTORES, EXCETO OS DE AE-RONAVES",True,2021-10-16 09:17:13.045775,2026-08-08
170,2925,29,ACESSÓRIOS DE MOTORES,COMPONENTES DO SISTEMA ELÉTRICO DE MOTORES DE AERONAVES,True,2021-10-16 09:17:13.045775,2026-08-08
171,2930,29,ACESSÓRIOS DE MOTORES,"COMPONENTES DO SISTEMA DE  RESFRIAMENTO  (ARREFECIMENTO)  DEMOTORES, EXCETO DE AERONAVES",True,2021-10-16 09:17:13.045775,2026-08-08
172,2935,29,ACESSÓRIOS DE MOTORES,COMPONENTES DO SISTEMA DE  RESFRIAMENTO  (ARREFECIMENTO)  DEMOTORES DE AERONAVES,True,2021-10-16 09:17:13.045775,2026-08-08
173,2940,29,ACESSÓRIOS DE MOTORES,"FILTROS DE AR E DE ÓLEO, ELEMENTOS FILTRANTES E PURIFICADO- RES DE MOTORES, EXCETO DE AERONAVES",True,2021-10-16 09:17:13.045775,2026-08-08
174,2945,29,ACESSÓRIOS DE MOTORES,FILTROS DE AR E DE ÓLEO; ELEMENTOS FILTRANTES PURIFICADORES DE MOTORES DE AERONAVES.,True,2021-10-16 09:17:13.045775,2026-08-08
175,2950,29,ACESSÓRIOS DE MOTORES,TURBO- SUPERCOMPRESSORES,True,2021-10-16 09:17:13.045775,2026-08-08
176,2990,29,ACESSÓRIOS DE MOTORES,"ACESSÓRIOS DIVERSOS DE MOTORES, EXCETO OS DE AERONAVES",True,2021-10-16 09:17:13.045775,2026-08-08
177,2995,29,ACESSÓRIOS DE MOTORES,ACESSÓRIOS DIVERSOS DE MOTORES DE AERONAVES,True,2021-10-16 09:17:13.045775,2026-08-08
178,3010,30,EQUIPAMENTOS DE TRANSMISSÃO DE FORÇA MECÂNICA,CONVERSORES DE TORQUE E CÂMBIOS DE VELOCIDADE,True,2021-10-16 09:17:13.045775,2026-08-08
179,3020,30,EQUIPAMENTOS DE TRANSMISSÃO DE FORÇA MECÂNICA,"ENGRENAGENS, POLIAS, COROAS DENTADAS E  CORRENTES  DE  TRANSMISSÃO",True,2021-10-16 09:17:13.045775,2026-08-08
180,3030,30,EQUIPAMENTOS DE TRANSMISSÃO DE FORÇA MECÂNICA,"CORREAME, CORREIAS DE TRANSMISSÃO, CORREIAS DOS VENTILADORESE ACESSÓRIOS",True,2021-10-16 09:17:13.045775,2026-08-08
181,3040,30,EQUIPAMENTOS DE TRANSMISSÃO DE FORÇA MECÂNICA,EQUIPAMENTOS DIVERSOS DE TRANSMISSÃO DE FORÇA,True,2021-10-16 09:17:13.045775,2026-08-08
182,3110,31,ROLAMENTOS E MANCAIS,ROLAMENTOS ANTIFRICÇÃO NÃO MONTADOS,True,2021-10-16 09:17:13.045775,2026-08-08
183,3120,31,ROLAMENTOS E MANCAIS,MANCAIS NÃO MONTADOS,True,2021-10-16 09:17:13.045775,2026-08-08
184,3130,31,ROLAMENTOS E MANCAIS,ROLAMENTOS E MANCAIS MONTADOS,True,2021-10-16 09:17:13.045775,2026-08-08
185,3210,32,MÁQUINAS E EQUIPAMENTOS PARA TRABALHOS EM MADEIRA,MÁQUINAS PARA SERRARIA E PREPARO DE MADEIRA,True,2021-10-16 09:17:13.045775,2026-08-08
186,3220,32,MÁQUINAS E EQUIPAMENTOS PARA TRABALHOS EM MADEIRA,MÁQUINAS PARA TRABALHOS EM MADEIRA,True,2021-10-16 09:17:13.045775,2026-08-08
187,3230,32,MÁQUINAS E EQUIPAMENTOS PARA TRABALHOS EM MADEIRA,FERRAMENTAS E ACESSÓRIOS DE MÁQUINAS PARA TRABALHO EM  MADEIRA,True,2021-10-16 09:17:13.045775,2026-08-08
188,3405,34,MAQUINAS PARA TRABALHO EM METAIS,MÁQUINAS DE SERRAR E LIMAR,True,2021-10-16 09:17:13.045775,2026-08-08
189,3408,34,MAQUINAS PARA TRABALHO EM METAIS,MÁQUINAS DE FUNÇÕES MÚLTIPLAS,True,2021-10-16 09:17:13.045775,2026-08-08
190,3410,34,MAQUINAS PARA TRABALHO EM METAIS,"MÁQUINAS DE DESBASTAR, ELÉTRICAS E ULTRA-SÔNICAS",True,2021-10-16 09:17:13.045775,2026-08-08
191,3411,34,MAQUINAS PARA TRABALHO EM METAIS,MÁQUINAS DE BROCAR,True,2021-10-16 09:17:13.045775,2026-08-08
192,3412,34,MAQUINAS PARA TRABALHO EM METAIS,MÁQUINAS DE MANDRILAR,True,2021-10-16 09:17:13.045775,2026-08-08
193,3413,34,MAQUINAS PARA TRABALHO EM METAIS,MÁQUINAS DE FURAR E ABRIR ROSCAS,True,2021-10-16 09:17:13.045775,2026-08-08
194,3414,34,MAQUINAS PARA TRABALHO EM METAIS,MÁQUINAS PARA CORTE E ACABAMENTO DE ENGRENAGENS,True,2021-10-16 09:17:13.045775,2026-08-08
195,3415,34,MAQUINAS PARA TRABALHO EM METAIS,MÁQUINAS RETIFICADORAS,True,2021-10-16 09:17:13.045775,2026-08-08
196,3416,34,MAQUINAS PARA TRABALHO EM METAIS,TORNOS,True,2021-10-16 09:17:13.045775,2026-08-08
197,3417,34,MAQUINAS PARA TRABALHO EM METAIS,MÁQUINAS DE FRESAR,True,2021-10-16 09:17:13.045775,2026-08-08
198,3418,34,MAQUINAS PARA TRABALHO EM METAIS,MÁQUINAS DE APLAINAR E TALHAR,True,2021-10-16 09:17:13.045775,2026-08-08
199,3419,34,MAQUINAS PARA TRABALHO EM METAIS,MÁQUINAS-FERRAMENTA DIVERSAS,True,2021-10-16 09:17:13.045775,2026-08-08
200,3422,34,MAQUINAS PARA TRABALHO EM METAIS,MÁQUINAS DE LAMINAR E TREFILAR,True,2021-10-16 09:17:13.045775,2026-08-08
201,3424,34,MAQUINAS PARA TRABALHO EM METAIS,EQUIPAMENTO DE TRATAMENTO TÉRMICO E NÃO TÉRMICO DE METAIS,True,2021-10-16 09:17:13.045775,2026-08-08
202,3426,34,MAQUINAS PARA TRABALHO EM METAIS,EQUIPAMENTOS PARA ACABAMENTO EM METAL,True,2021-10-16 09:17:13.045775,2026-08-08
203,3427,34,MAQUINAS PARA TRABALHO EM METAIS,DEBASTADORAS E PLAINAS-LIMADORAS,False,2021-10-16 09:17:13.045775,2026-08-08
204,3431,34,MAQUINAS PARA TRABALHO EM METAIS,EQUIPAMENTO PARA SOLDA A ARCO VOLTAICO,True,2021-10-16 09:17:13.045775,2026-08-08
205,3432,34,MAQUINAS PARA TRABALHO EM METAIS,EQUIPAMENTO PARA SOLDA A RESISTÊNCIA ELÉTRICA,True,2021-10-16 09:17:13.045775,2026-08-08
206,3433,34,MAQUINAS PARA TRABALHO EM METAIS,"EQUIPAMENTO PARA SOLDA A GÁS, CORTE POR AQUECIMENTO E DE  METALIZAÇÃO",True,2021-10-16 09:17:13.045775,2026-08-08
207,3436,34,MAQUINAS PARA TRABALHO EM METAIS,POSICIONADORES E MANIPULADORES DE SOLDA,True,2021-10-16 09:17:13.045775,2026-08-08
208,3438,34,MAQUINAS PARA TRABALHO EM METAIS,EQUIPAMENTOS DIVERSOS DE SOLDA,True,2021-10-16 09:17:13.045775,2026-08-08
209,3439,34,MAQUINAS PARA TRABALHO EM METAIS,"SUPRIMENTOS E ACESSÓRIOS PARA SOLDAS DIVERSAS, FRACAS E  FORTES",True,2021-10-16 09:17:13.045775,2026-08-08
210,3441,34,MAQUINAS PARA TRABALHO EM METAIS,MÁQUINAS DE DOBRAR E DE MODELAR,True,2021-10-16 09:17:13.045775,2026-08-08
211,3442,34,MAQUINAS PARA TRABALHO EM METAIS,PRENSAS HIDRÁULICAS E PNEUMÁTICAS ACIONADAS POR ENERGIA,True,2021-10-16 09:17:13.045775,2026-08-08
212,3443,34,MAQUINAS PARA TRABALHO EM METAIS,PRENSAS MECÂNICAS ACIONADAS POR ENERGIA,True,2021-10-16 09:17:13.045775,2026-08-08
213,3444,34,MAQUINAS PARA TRABALHO EM METAIS,PRENSAS MANUAIS,True,2021-10-16 09:17:13.045775,2026-08-08
214,3445,34,MAQUINAS PARA TRABALHO EM METAIS,MÁQUINAS DE PUNCIONAR E CORTAR,True,2021-10-16 09:17:13.045775,2026-08-08
215,3446,34,MAQUINAS PARA TRABALHO EM METAIS,FORJAS MECÂNICAS E MARTELOS PARA FORJAS,True,2021-10-16 09:17:13.045775,2026-08-08
216,3447,34,MAQUINAS PARA TRABALHO EM METAIS,MÁQUINAS DE MODELAR FIOS E FITAS DE METAL,True,2021-10-16 09:17:13.045775,2026-08-08
217,3448,34,MAQUINAS PARA TRABALHO EM METAIS,MÁQUINAS DE REBITAR,True,2021-10-16 09:17:13.045775,2026-08-08
218,3449,34,MAQUINAS PARA TRABALHO EM METAIS,MÁQUINAS AUXILIARES PARA MODELAGEM E CORTE DE METAL,True,2021-10-16 09:17:13.045775,2026-08-08
219,3450,34,MAQUINAS PARA TRABALHO EM METAIS,MÁQUINAS-FERRAMENTA PORTÁTEIS,True,2021-10-16 09:17:13.045775,2026-08-08
220,3455,34,MAQUINAS PARA TRABALHO EM METAIS,FERRAMENTAS DE CORTAR PARA MÁQUINAS FERRAMENTA,True,2021-10-16 09:17:13.045775,2026-08-08
221,3456,34,MAQUINAS PARA TRABALHO EM METAIS,FERRAMENTAS DE CORTE E MODELAGEM DE PEÇAS DE MÁQUINAS.,True,2021-10-16 09:17:13.045775,2026-08-08
222,3460,34,MAQUINAS PARA TRABALHO EM METAIS,ACESSÓRIOS PARA MÁQUINAS-FERRAMENTAS,True,2021-10-16 09:17:13.045775,2026-08-08
223,3461,34,MAQUINAS PARA TRABALHO EM METAIS,ACESSÓRIOS PARA MÁQUINAS AUXILIARES PARA TRABALHO EM METAIS,True,2021-10-16 09:17:13.045775,2026-08-08
224,3465,34,MAQUINAS PARA TRABALHO EM METAIS,GABARITOS E MOLDES DE PRODUÇÃO,True,2021-10-16 09:17:13.045775,2026-08-08
225,3470,34,MAQUINAS PARA TRABALHO EM METAIS,"CONJUNTOS, JOGOS E ACESSÓRIOS PARA OFICINA MECÂNICA",True,2021-10-16 09:17:13.045775,2026-08-08
226,3510,35,EQUIPAMENTOS COMERCIAIS E DE SERVIÇOS,EQUIPAMENTOS DE LAVANDERIA E LAVAGEM A SECO,True,2021-10-16 09:17:13.045775,2026-08-08
227,3520,35,EQUIPAMENTOS COMERCIAIS E DE SERVIÇOS,EQUIPAMENTOS PARA CONSERTO DE CALÇADOS,True,2021-10-16 09:17:13.045775,2026-08-08
228,3530,35,EQUIPAMENTOS COMERCIAIS E DE SERVIÇOS,MÁQUINAS DE COSTURA INDUSTRIAL E OFICINAS MÓVEIS  DE  CONSERTOS EM TECIDOS,True,2021-10-16 09:17:13.045775,2026-08-08
229,3540,35,EQUIPAMENTOS COMERCIAIS E DE SERVIÇOS,MÁQUINAS DE EMBALAR E EMPACOTAR,True,2021-10-16 09:17:13.045775,2026-08-08
230,3541,35,EQUIPAMENTOS COMERCIAIS E DE SERVIÇOS,MAQUINAS INDUSTRIAIS DE VIDRO E CRISTAIS,False,2021-10-16 09:17:13.045775,2026-08-08
231,3550,35,EQUIPAMENTOS COMERCIAIS E DE SERVIÇOS,MÁQUINAS REGISTRADORAS AUTOMÁTICAS E MÁQUINAS ACIONADAS  COMFICHAS,True,2021-10-16 09:17:13.045775,2026-08-08
232,3590,35,EQUIPAMENTOS COMERCIAIS E DE SERVIÇOS,EQUIPAMENTOS DIVERSOS PARA SERVIÇOS PROFISSIONAIS E  COMERCIAIS,True,2021-10-16 09:17:13.045775,2026-08-08
233,3605,36,MÁQUINAS PARA INDÚSTRIAS ESPECIALIZADAS,MÁQUINAS E EQUIPAMENTOS PARA PRODUTOS ALIMENTÍCIOS,True,2021-10-16 09:17:13.045775,2026-08-08
234,3610,36,MÁQUINAS PARA INDÚSTRIAS ESPECIALIZADAS,"EQUIPAMENTO PARA IMPRESSÃO, DUPLICAÇÃO E ENCADERNAÇÃO",True,2021-10-16 09:17:13.045775,2026-08-08
235,3611,36,MÁQUINAS PARA INDÚSTRIAS ESPECIALIZADAS,MÁQUINAS INDUSTRIAIS PARA MARCAÇÃO,True,2021-10-16 09:17:13.045775,2026-08-08
236,3615,36,MÁQUINAS PARA INDÚSTRIAS ESPECIALIZADAS,MÁQUINAS PARA INDÚSTRIA DE POLPA E DE PAPEL,True,2021-10-16 09:17:13.045775,2026-08-08
237,3620,36,MÁQUINAS PARA INDÚSTRIAS ESPECIALIZADAS,MÁQUINAS PARA TRABALHOS EM BORRACHA E PLÁSTICO,True,2021-10-16 09:17:13.045775,2026-08-08
238,3625,36,MÁQUINAS PARA INDÚSTRIAS ESPECIALIZADAS,MÁQUINAS PARA INDÚSTRIAS TÊXTEIS,True,2021-10-16 09:17:13.045775,2026-08-08
239,3630,36,MÁQUINAS PARA INDÚSTRIAS ESPECIALIZADAS,MÁQUINAS PARA INDÚSTRIAS DE PRODUTOS DE ARGILA E CONCRETO,True,2021-10-16 09:17:13.045775,2026-08-08
240,3635,36,MÁQUINAS PARA INDÚSTRIAS ESPECIALIZADAS,MÁQUINAS PARA INDÚSTRIAS DE CRISTAL E VIDRO,True,2021-10-16 09:17:13.045775,2026-08-08
241,3640,36,MÁQUINAS PARA INDÚSTRIAS ESPECIALIZADAS,MÁQUINAS PARA INDÚSTRIAS DE TABACO,True,2021-10-16 09:17:13.045775,2026-08-08
242,3645,36,MÁQUINAS PARA INDÚSTRIAS ESPECIALIZADAS,MÁQUINAS PARA INDÚSTRIAS DE COURO E DE CURTUMES,True,2021-10-16 09:17:13.045775,2026-08-08
243,3650,36,MÁQUINAS PARA INDÚSTRIAS ESPECIALIZADAS,MÁQUINAS PARA INDÚSTRIAS DE PRODUTOS QUÍMICOS  E  FARMACÊUTICOS,True,2021-10-16 09:17:13.045775,2026-08-08
244,3655,36,MÁQUINAS PARA INDÚSTRIAS ESPECIALIZADAS,"SISTEMAS DE GERAÇÃO E DISTRIBUIÇÃO DE GÁS, FIXOS OU MÓVEIS",True,2021-10-16 09:17:13.045775,2026-08-08
245,3660,36,MÁQUINAS PARA INDÚSTRIAS ESPECIALIZADAS,MAQUINARIA PARA REDUÇÃO INDUSTRIAL DE TAMANHO,True,2021-10-16 09:17:13.045775,2026-08-08
246,3670,36,MÁQUINAS PARA INDÚSTRIAS ESPECIALIZADAS,"MÁQUINAS ESPECIALIZADAS PARA FABRICAÇÃO  DE  SEMICONDUTORES,CIRCUITOS MICROELETRÔNICOS E PLACAS DE CIRCUITOS IMPRESSOS",True,2021-10-16 09:17:13.045775,2026-08-08
247,3680,36,MÁQUINAS PARA INDÚSTRIAS ESPECIALIZADAS,"MÁQUINAS PARA FUNDIÇÃO, EQUIPAMENTOS E  SUPRIMENTOS  CORRELATOS",True,2021-10-16 09:17:13.045775,2026-08-08
248,3685,36,MÁQUINAS PARA INDÚSTRIAS ESPECIALIZADAS,MÁQUINAS ESPECIALIZADAS PARA FABRICAÇÃO DE RECIPIENTES  METÁLICOS E EQUIPAMENTOS CORRELATOS,True,2021-10-16 09:17:13.045775,2026-08-08
249,3690,36,MÁQUINAS PARA INDÚSTRIAS ESPECIALIZADAS,MÁQUINARIA ESPECIALIZADA PARA ARMAMENTO E MUNIÇÃO  E  EQUIPAMENTOS CORRELATOS,True,2021-10-16 09:17:13.045775,2026-08-08
250,3693,36,MÁQUINAS PARA INDÚSTRIAS ESPECIALIZADAS,MAQUINARIA INDUSTRIL PARA MONTAGEM,True,2021-10-16 09:17:13.045775,2026-08-08
251,3694,36,MÁQUINAS PARA INDÚSTRIAS ESPECIALIZADAS,EQUIPAMENTOS E INSTALAÇÕES PARA SANEAMENTO AMBIENTAL,True,2021-10-16 09:17:13.045775,2026-08-08
252,3695,36,MÁQUINAS PARA INDÚSTRIAS ESPECIALIZADAS,MÁQUINAS DIVERSAS PARA INDÚSTRIAS ESPECIALIZADAS,True,2021-10-16 09:17:13.045775,2026-08-08
253,3710,37,MÁQUINAS E EQUIPAMENTOS AGRÍCOLAS,EQUIPAMENTO PARA PREPARAÇÃO DO SOLO,True,2021-10-16 09:17:13.045775,2026-08-08
254,3720,37,MÁQUINAS E EQUIPAMENTOS AGRÍCOLAS,EQUIPAMENTO DE COLHEITA,True,2021-10-16 09:17:13.045775,2026-08-08
255,3730,37,MÁQUINAS E EQUIPAMENTOS AGRÍCOLAS,"EQUIPAMENTO DE LATICÍNIOS, AVICULTURA E PECUÁRIA",True,2021-10-16 09:17:13.045775,2026-08-08
256,3740,37,MÁQUINAS E EQUIPAMENTOS AGRÍCOLAS,"EQUIPAMENTO PARA CONTROLE DE PRAGAS, DOENÇAS E GEADAS",True,2021-10-16 09:17:13.045775,2026-08-08
257,3750,37,MÁQUINAS E EQUIPAMENTOS AGRÍCOLAS,IMPLEMENTOS E FERRAMENTAS DE JARDINAGEM,True,2021-10-16 09:17:13.045775,2026-08-08
258,3770,37,MÁQUINAS E EQUIPAMENTOS AGRÍCOLAS,"SELARIA, ARREAMENTO, CHICOTE E ACESSÓRIOS CORRELATOS PARA   ANIMAIS",True,2021-10-16 09:17:13.045775,2026-08-08
259,3805,38,"EQUIPAMENTOS PARA CONSTRUÇÃO, MINERAÇÃO, TERRAPLENAGEM E MA-NUTENÇÃO DE ESTRADAS",EQUIPAMENTOS PARA MOVIMENTAÇÃO E ESCAVAÇÃO DE TERRA,True,2021-10-16 09:17:13.045775,2026-08-08
260,3810,38,"EQUIPAMENTOS PARA CONSTRUÇÃO, MINERAÇÃO, TERRAPLENAGEM E MA-NUTENÇÃO DE ESTRADAS",GUINDASTES E ESCAVADEIRAS,True,2021-10-16 09:17:13.045775,2026-08-08
261,3815,38,"EQUIPAMENTOS PARA CONSTRUÇÃO, MINERAÇÃO, TERRAPLENAGEM E MA-NUTENÇÃO DE ESTRADAS",ACESSÓRIOS PARA GUINDASTES E ESCAVADEIRAS,True,2021-10-16 09:17:13.045775,2026-08-08
262,3820,38,"EQUIPAMENTOS PARA CONSTRUÇÃO, MINERAÇÃO, TERRAPLENAGEM E MA-NUTENÇÃO DE ESTRADAS","EQUIPAMENTOS PARA MINERAÇÃO, PERFURAÇÃO DE ROCHAS, TERRA  E CORRELATOS",True,2021-10-16 09:17:13.045775,2026-08-08
263,3825,38,"EQUIPAMENTOS PARA CONSTRUÇÃO, MINERAÇÃO, TERRAPLENAGEM E MA-NUTENÇÃO DE ESTRADAS",EQUIPAMENTO DE DESOBSTRUÇÃO E LIMPEZA DE ESTRADAS,True,2021-10-16 09:17:13.045775,2026-08-08
264,3830,38,"EQUIPAMENTOS PARA CONSTRUÇÃO, MINERAÇÃO, TERRAPLENAGEM E MA-NUTENÇÃO DE ESTRADAS",ACESSÓRIOS PARA CAMINHÕES E TRATORES,True,2021-10-16 09:17:13.045775,2026-08-08
265,3835,38,"EQUIPAMENTOS PARA CONSTRUÇÃO, MINERAÇÃO, TERRAPLENAGEM E MA-NUTENÇÃO DE ESTRADAS",EQUIPAMENTO PARA PRODUÇÃO E DISTRIBUIÇÃO DE PETRÓLEO,True,2021-10-16 09:17:13.045775,2026-08-08
266,3895,38,"EQUIPAMENTOS PARA CONSTRUÇÃO, MINERAÇÃO, TERRAPLENAGEM E MA-NUTENÇÃO DE ESTRADAS",EQUIPAMENTOS DIVERSOS PARA CONSTRUÇÃO,True,2021-10-16 09:17:13.045775,2026-08-08
267,3910,39,EQUIPAMENTOS PARA MANUSEIO DE MATERIAL,TRANSPORTADORES,True,2021-10-16 09:17:13.045775,2026-08-08
268,3915,39,EQUIPAMENTOS PARA MANUSEIO DE MATERIAL,EQUIPAMENTOS ALIMENTADORES DE MATERIAIS-PRIMAS,True,2021-10-16 09:17:13.045775,2026-08-08
269,3920,39,EQUIPAMENTOS PARA MANUSEIO DE MATERIAL,EQUIPAMENTOS NÃO AUTOPROPULSIONADO PARA MOVIMENTAÇÃO  DE  MATERIAIS,True,2021-10-16 09:17:13.045775,2026-08-08
270,3930,39,EQUIPAMENTOS PARA MANUSEIO DE MATERIAL,VEÍCULOS AUTOPROPULSIONADOS PARA ARMAZÉM,True,2021-10-16 09:17:13.045775,2026-08-08
271,3940,39,EQUIPAMENTOS PARA MANUSEIO DE MATERIAL,"POLEAMES, TALHAS, MOITÕES, MASSAMES E LINGAS",True,2021-10-16 09:17:13.045775,2026-08-08
272,3950,39,EQUIPAMENTOS PARA MANUSEIO DE MATERIAL,"GUINCHOS, IÇADORES, GUINDASTES E CÁBREAS",True,2021-10-16 09:17:13.045775,2026-08-08
273,3960,39,EQUIPAMENTOS PARA MANUSEIO DE MATERIAL,ELEVADORES E ESCADAS ROLANTES,True,2021-10-16 09:17:13.045775,2026-08-08
274,3990,39,EQUIPAMENTOS PARA MANUSEIO DE MATERIAL,EQUIPAMENTOS DIVERSOS PARA MOVIMENTAÇÃO DE MATERIAIS,True,2021-10-16 09:17:13.045775,2026-08-08
275,4010,40,"CORDAS, CABOS, CORRENTES E SEUS ACESSÓRIOS",CORRENTES E CABOS DE AÇO,True,2021-10-16 09:17:13.045775,2026-08-08
276,4020,40,"CORDAS, CABOS, CORRENTES E SEUS ACESSÓRIOS","CABOS DE FIBRA, CORDOALHAS E BARBANTES",True,2021-10-16 09:17:13.045775,2026-08-08
277,4030,40,"CORDAS, CABOS, CORRENTES E SEUS ACESSÓRIOS","ACESSÓRIOS PARA CORDAS, CABOS E CORRENTES",True,2021-10-16 09:17:13.045775,2026-08-08
278,4110,41,"EQUIPAMENTOS PARA REFRIGERAÇÃO, AR CONDICIONADO E CIRCULAÇÃODE AR",EQUIPAMENTO PARA REFRIGERAÇÃO,True,2021-10-16 09:17:13.045775,2026-08-08
279,4120,41,"EQUIPAMENTOS PARA REFRIGERAÇÃO, AR CONDICIONADO E CIRCULAÇÃODE AR",EQUIPAMENTO DE AR CONDICIONADO,True,2021-10-16 09:17:13.045775,2026-08-08
280,4130,41,"EQUIPAMENTOS PARA REFRIGERAÇÃO, AR CONDICIONADO E CIRCULAÇÃODE AR",COMPONENTES DE EQUIPAMENTOS PARA REFRIGERAÇÃO E AR  CONDICIONADO,True,2021-10-16 09:17:13.045775,2026-08-08
281,4140,41,"EQUIPAMENTOS PARA REFRIGERAÇÃO, AR CONDICIONADO E CIRCULAÇÃODE AR","VENTILADORES, CIRCULADORES DE AR E VENTOINHAS",True,2021-10-16 09:17:13.045775,2026-08-08
282,4150,41,"EQUIPAMENTOS PARA REFRIGERAÇÃO, AR CONDICIONADO E CIRCULAÇÃODE AR",TUBOS DE TURBILHONAMENTO E OUTROS TUBOS  RELACIONADOS  À  REFRIGERAÇÃO,True,2021-10-16 09:17:13.045775,2026-08-08
283,4210,42,"EQUIPAMENTO PARA COMBATE A INCÊNDIO, RESGATE E SEGURANÇA",EQUIPAMENTOS PARA COMBATE A INCÊNDIO,True,2021-10-16 09:17:13.045775,2026-08-08
284,4220,42,"EQUIPAMENTO PARA COMBATE A INCÊNDIO, RESGATE E SEGURANÇA",EQUIPAMENTO PARA MERGULHO E SALVAMENTO MARÍTIMO,True,2021-10-16 09:17:13.045775,2026-08-08
285,4230,42,"EQUIPAMENTO PARA COMBATE A INCÊNDIO, RESGATE E SEGURANÇA",EQUIPAMENTO  PARA DESCONTAMINAÇÃO E IMPREGNAÇÃO,True,2021-10-16 09:17:13.045775,2026-08-08
286,4235,42,"EQUIPAMENTO PARA COMBATE A INCÊNDIO, RESGATE E SEGURANÇA","RECIPIENTES PARA COLETA DE MATERIAIS PERIGOSOS, MATERIAIS E EQUIPAMENTOS DE LIMPEZA",True,2021-10-16 09:17:13.045775,2026-08-08
287,4240,42,"EQUIPAMENTO PARA COMBATE A INCÊNDIO, RESGATE E SEGURANÇA",EQUIPAMENTO PARA SEGURANÇA E SALVAMENTO,True,2021-10-16 09:17:13.045775,2026-08-08
288,4250,42,"EQUIPAMENTO PARA COMBATE A INCÊNDIO, RESGATE E SEGURANÇA",EQUIPAMENTO PARA RECICLAGEM E RECUPERAÇÃO,True,2021-10-16 09:17:13.045775,2026-08-08
289,4310,43,BOMBAS E COMPRESSORES,BOMBAS E COMPRESSORES A VÁCUO,True,2021-10-16 09:17:13.045775,2026-08-08
290,4320,43,BOMBAS E COMPRESSORES,BOMBAS MANUAIS E MECÂNICAS,True,2021-10-16 09:17:13.045775,2026-08-08
291,4330,43,BOMBAS E COMPRESSORES,"CENTRIFUGADORES, SEPARADORES E FILTROS DE PRESSÃO E A VÁCUO",True,2021-10-16 09:17:13.045775,2026-08-08
292,4410,44,"FORNOS, CENTRAIS DE VAPOR E EQUIPAMENTOS DE SECAGEM,  REATO-RES NUCLEARES",CALDEIRAS INDUSTRIAIS,True,2021-10-16 09:17:13.045775,2026-08-08
293,4420,44,"FORNOS, CENTRAIS DE VAPOR E EQUIPAMENTOS DE SECAGEM,  REATO-RES NUCLEARES",TROCADORES DE CALOR E CONDENSADORES DE VAPOR,True,2021-10-16 09:17:13.045775,2026-08-08
294,4425,44,"FORNOS, CENTRAIS DE VAPOR E EQUIPAMENTOS DE SECAGEM,  REATO-RES NUCLEARES",EQUIPAMENTOS INDUSTRIAIS DE VENTILACAO E CIRCULACAO,False,2021-10-16 09:17:13.045775,2026-08-08
295,4430,44,"FORNOS, CENTRAIS DE VAPOR E EQUIPAMENTOS DE SECAGEM,  REATO-RES NUCLEARES","FORNALHAS, FORNOS E ESTUFAS INDUSTRIAIS",True,2021-10-16 09:17:13.045775,2026-08-08
296,4440,44,"FORNOS, CENTRAIS DE VAPOR E EQUIPAMENTOS DE SECAGEM,  REATO-RES NUCLEARES","SECADORES, DESIDRATADORES E ANTI-HIDRATADORES",True,2021-10-16 09:17:13.045775,2026-08-08
297,4460,44,"FORNOS, CENTRAIS DE VAPOR E EQUIPAMENTOS DE SECAGEM,  REATO-RES NUCLEARES",EQUIPAMENTOS PARA PURIFICAÇÃO DE AR,True,2021-10-16 09:17:13.045775,2026-08-08
298,4470,44,"FORNOS, CENTRAIS DE VAPOR E EQUIPAMENTOS DE SECAGEM,  REATO-RES NUCLEARES",REATORES NUCLEARES,True,2021-10-16 09:17:13.045775,2026-08-08
299,4510,45,EQUIPAMENTO DE INSTALAÇÕES HIDRÁULICAS E DE AQUECIMENTO,DISPOSITIVOS E ACESSÓRIOS PARA INSTALAÇÕES HIDRÁULICAS,True,2021-10-16 09:17:13.045775,2026-08-08
300,4520,45,EQUIPAMENTO DE INSTALAÇÕES HIDRÁULICAS E DE AQUECIMENTO,EQUIPAMENTOS PARA CALEFAÇÃO E AQUECEDORES DOMÉSTICOS DE ÁGUA,True,2021-10-16 09:17:13.045775,2026-08-08
301,4530,45,EQUIPAMENTO DE INSTALAÇÕES HIDRÁULICAS E DE AQUECIMENTO,EQUIPAMENTOS PARA QUEIMA DE COMBUSTIVEL,True,2021-10-16 09:17:13.045775,2026-08-08
302,4540,45,EQUIPAMENTO DE INSTALAÇÕES HIDRÁULICAS E DE AQUECIMENTO,"EQUIPAMENTOS DIVERSOS DE INSTALAÇÕES HIDRÁULICAS, SANITÁRIASE DE CALEFAÇÃO",True,2021-10-16 09:17:13.045775,2026-08-08
303,4610,46,EQUIPAMENTOS PARA PURIFICAÇÃO DE ÁGUAS E TRATAMENTO DE ESGO-TOS,EQUIPAMENTOS PARA PURIFICAÇÃO DE ÁGUA,True,2021-10-16 09:17:13.045775,2026-08-08
304,4620,46,EQUIPAMENTOS PARA PURIFICAÇÃO DE ÁGUAS E TRATAMENTO DE ESGO-TOS,"EQUIPAMENTOS PARA DESTILAÇÃO DE ÁGUA, PARA  USO  MARÍTIMO E INDUSTRIAL",True,2021-10-16 09:17:13.045775,2026-08-08
305,4630,46,EQUIPAMENTOS PARA PURIFICAÇÃO DE ÁGUAS E TRATAMENTO DE ESGO-TOS,EQUIPAMENTOS PARA TRATAMENTO DE ESGOTOS,True,2021-10-16 09:17:13.045775,2026-08-08
306,4710,47,"CANOS, TUBOS, MANGUEIRAS E ACESSÓRIOS",CANOS E TUBOS,True,2021-10-16 09:17:13.045775,2026-08-08
307,4720,47,"CANOS, TUBOS, MANGUEIRAS E ACESSÓRIOS",MANGUEIRAS E TUBULAÇÕES FLEXÍVEIS,True,2021-10-16 09:17:13.045775,2026-08-08
308,4730,47,"CANOS, TUBOS, MANGUEIRAS E ACESSÓRIOS","ACESSÓRIOS E FERRAGENS ESPECIAIS PARA  MANGUEIRAS, CANOS  E TUBOS",True,2021-10-16 09:17:13.045775,2026-08-08
309,4810,48,VÁLVULAS,VÁLVULAS ACIONADAS POR FORÇA MOTRIZ,True,2021-10-16 09:17:13.045775,2026-08-08
310,4820,48,VÁLVULAS,VÁLVULAS NÃO ACIONADAS POR FORÇA MOTRIZ,True,2021-10-16 09:17:13.045775,2026-08-08
311,4850,48,VÁLVULAS,ATUADORES PARA MOVIMENTACAO DE VALVULAS,False,2021-10-16 09:17:13.045775,2026-08-08
312,4910,49,EQUIPAMENTOS PARA OFICINAS DE MANUTENÇÃO E REPAROS,EQUIPAMENTO ESPECIALIZADO PARA OFICINA DE MANUTENÇÃO E  REPARO DE VEÍCULOS MOTORIZADOS,True,2021-10-16 09:17:13.045775,2026-08-08
313,4920,49,EQUIPAMENTOS PARA OFICINAS DE MANUTENÇÃO E REPAROS,EQUIPAMENTO ESPECIALIZADO PARA OFICINA DE MANUTENÇÃO E REPA-RO DE AERONAVES,True,2021-10-16 09:17:13.045775,2026-08-08
314,4921,49,EQUIPAMENTOS PARA OFICINAS DE MANUTENÇÃO E REPAROS,"EQUIPAMENTO ESPECIALIZADO PARA MANUTENÇÃO, REPARO E INSPEÇÃODE TORPEDOS",True,2021-10-16 09:17:13.045775,2026-08-08
315,4923,49,EQUIPAMENTOS PARA OFICINAS DE MANUTENÇÃO E REPAROS,"EQUIPAMENTO ESPECIALIZADO PARA MANUTENÇÃO,REPARO E INSPEÇÃO DE MINAS SUBMARINAS E BOMBAS DE PROFUNDIDADE",True,2021-10-16 09:17:13.045775,2026-08-08
316,4925,49,EQUIPAMENTOS PARA OFICINAS DE MANUTENÇÃO E REPAROS,"EQUIPAMENTO ESPECIALIZADO PARA MANUTENÇÃO,REPARO E INSPEÇÃO DE MUNIÇÃO",True,2021-10-16 09:17:13.045775,2026-08-08
317,4927,49,EQUIPAMENTOS PARA OFICINAS DE MANUTENÇÃO E REPAROS,"EQUIPAMENTO ESPECIALIZADO PARA MANUTENÇÃO,REPARO E INSPEÇÃO DE FOGUETES",True,2021-10-16 09:17:13.045775,2026-08-08
318,4930,49,EQUIPAMENTOS PARA OFICINAS DE MANUTENÇÃO E REPAROS,EQUIPAMENTO PARA ABASTECIMENTO DE COMBUSTÍVEL E LUBRIFICAÇÃO,True,2021-10-16 09:17:13.045775,2026-08-08
319,4931,49,EQUIPAMENTOS PARA OFICINAS DE MANUTENÇÃO E REPAROS,EQUIPAMENTO ESPECIALIZADO PARA OFICINA DE MANUTENÇÃO E  REPARO DE MATERIAL DE CONTROLE DE TIRO,True,2021-10-16 09:17:13.045775,2026-08-08
320,4933,49,EQUIPAMENTOS PARA OFICINAS DE MANUTENÇÃO E REPAROS,EQUIPAMENTO ESPECIALIZADO PARA OFICINA DE MANUTENÇÃO E  REPARO DE ARMAMENTO,True,2021-10-16 09:17:13.045775,2026-08-08
321,4935,49,EQUIPAMENTOS PARA OFICINAS DE MANUTENÇÃO E REPAROS,"EQUIPAMENTO ESPECIALIZADO PARA MANUTENÇÃO,REPARO E INSPEÇÃO DE MÍSSEIS GUIADOS",True,2021-10-16 09:17:13.045775,2026-08-08
322,4940,49,EQUIPAMENTOS PARA OFICINAS DE MANUTENÇÃO E REPAROS,EQUIPAMENTO ESPECIALIZADO DIVERSOS PARA OFICINA  DE  MANUTENÇÃO E REPARO,True,2021-10-16 09:17:13.045775,2026-08-08
323,4960,49,EQUIPAMENTOS PARA OFICINAS DE MANUTENÇÃO E REPAROS,"EQUIPAMENTO ESPECIALIZADO PARA MANUTENÇÃO, REPARO E INSPEÇÃODE VEÍCULOS ESPACIAIS",True,2021-10-16 09:17:13.045775,2026-08-08
324,4970,49,EQUIPAMENTOS PARA OFICINAS DE MANUTENÇÃO E REPAROS,EQUIPAMENTO ESPECIALIZADO PARA MANUTENÇÃO E REPARO DE ARMAS MÚLTIPLAS GUIADAS,True,2021-10-16 09:17:13.045775,2026-08-08
325,5110,51,FERRAMENTAS MANUAIS,"FERRAMENTAS MANUAIS DE CORTE, NÃO ACIONADAS POR FORÇA MOTRIZ",True,2021-10-16 09:17:13.045775,2026-08-08
326,5120,51,FERRAMENTAS MANUAIS,"FERRAMENTAS MANUAIS SEM CORTE, NÃO ACIONADAS  POR  FORÇA  MOTRIZ",True,2021-10-16 09:17:13.045775,2026-08-08
327,5130,51,FERRAMENTAS MANUAIS,FERRAMENTAS MANUAIS ACIONADAS POR FORÇA MOTRIZ,True,2021-10-16 09:17:13.045775,2026-08-08
328,5133,51,FERRAMENTAS MANUAIS,"BROCAS, ALARGADORES, ESCARIADORES, MANUAIS E PARA USO EM  MÁQUINAS",True,2021-10-16 09:17:13.045775,2026-08-08
329,5135,51,FERRAMENTAS MANUAIS,CABOS DE FERRAMENTAS,False,2021-10-16 09:17:13.045775,2026-08-08
330,5136,51,FERRAMENTAS MANUAIS,"MACHOS, MATRIZES E MANDRIS, MANUAIS E MECÂNICOS",True,2021-10-16 09:17:13.045775,2026-08-08
331,5140,51,FERRAMENTAS MANUAIS,CAIXAS PARA FERRAMENTAS E FERRAGENS,True,2021-10-16 09:17:13.045775,2026-08-08
332,5180,51,FERRAMENTAS MANUAIS,JOGOS E CONJUNTOS DE FERRAMENTAS MANUAIS,True,2021-10-16 09:17:13.045775,2026-08-08
333,5210,52,INSTRUMENTOS DE MEDIÇÃO,INSTRUMENTOS DE MEDIÇÃO PARA ARTÍFICES,True,2021-10-16 09:17:13.045775,2026-08-08
334,5220,52,INSTRUMENTOS DE MEDIÇÃO,CALIBRES DE INSPEÇÃO E FERRAMENTAS DE PRECISÃO,True,2021-10-16 09:17:13.045775,2026-08-08
335,5280,52,INSTRUMENTOS DE MEDIÇÃO,JOGOS E CONJUNTOS DE INSTRUMENTOS DE MEDIÇÃO,True,2021-10-16 09:17:13.045775,2026-08-08
336,5305,53,FERRAGENS E ABRASIVOS,PARAFUSOS SEM PORCA,True,2021-10-16 09:17:13.045775,2026-08-08
337,5306,53,FERRAGENS E ABRASIVOS,PARAFUSOS COM PORCA,True,2021-10-16 09:17:13.045775,2026-08-08
338,5307,53,FERRAGENS E ABRASIVOS,PRISIONEIROS,True,2021-10-16 09:17:13.045775,2026-08-08
339,5310,53,FERRAGENS E ABRASIVOS,PORCAS E ARRUELAS,True,2021-10-16 09:17:13.045775,2026-08-08
340,5315,53,FERRAGENS E ABRASIVOS,"PREGOS, CHAVETAS E PINOS",True,2021-10-16 09:17:13.045775,2026-08-08
341,5320,53,FERRAGENS E ABRASIVOS,REBITES,True,2021-10-16 09:17:13.045775,2026-08-08
342,5325,53,FERRAGENS E ABRASIVOS,DISPOSITIVOS PARA FIXAÇÃO,True,2021-10-16 09:17:13.045775,2026-08-08
343,5330,53,FERRAGENS E ABRASIVOS,GAXETAS E OUTROS MATERIAIS PARA VEDAÇÃO,True,2021-10-16 09:17:13.045775,2026-08-08
344,5331,53,FERRAGENS E ABRASIVOS,ANÉIS,True,2021-10-16 09:17:13.045775,2026-08-08
345,5335,53,FERRAGENS E ABRASIVOS,TELAS METÁLICAS,True,2021-10-16 09:17:13.045775,2026-08-08
346,5340,53,FERRAGENS E ABRASIVOS,FERRAGENS DIVERSAS,True,2021-10-16 09:17:13.045775,2026-08-08
347,5341,53,FERRAGENS E ABRASIVOS,CANTONEIRAS,True,2021-10-16 09:17:13.045775,2026-08-08
348,5342,53,FERRAGENS E ABRASIVOS,FERRAGENS DE PEÇA DE SISTEMAS DE ARMAS,True,2021-10-16 09:17:13.045775,2026-08-08
349,5345,53,FERRAGENS E ABRASIVOS,DISCOS E PEDRAS ABRASIVOS,True,2021-10-16 09:17:13.045775,2026-08-08
350,5350,53,FERRAGENS E ABRASIVOS,MATERIAIS ABRASIVOS,True,2021-10-16 09:17:13.045775,2026-08-08
351,5355,53,FERRAGENS E ABRASIVOS,BOTÕES E PONTEIROS,True,2021-10-16 09:17:13.045775,2026-08-08
352,5360,53,FERRAGENS E ABRASIVOS,"MOLAS DE ARAME, PLANAS E HELICOIDAIS",True,2021-10-16 09:17:13.045775,2026-08-08
353,5365,53,FERRAGENS E ABRASIVOS,"ANÉIS, BUCHAS E ESPAÇADORES",True,2021-10-16 09:17:13.045775,2026-08-08
354,5410,54,ESTRUTURAS E ANDAIMES PRÉ-FABRICADOS,EDIFICAÇÕES PRÉ-FABRICADAS E PORTÁTEIS,True,2021-10-16 09:17:13.045775,2026-08-08
355,5411,54,ESTRUTURAS E ANDAIMES PRÉ-FABRICADOS,ABRIGOS DE PAREDE RÍGIDA,True,2021-10-16 09:17:13.045775,2026-08-08
356,5419,54,ESTRUTURAS E ANDAIMES PRÉ-FABRICADOS,CONSTRUÇÕES COLETIVAS MODULARES DE APOIO,True,2021-10-16 09:17:13.045775,2026-08-08
357,5420,54,ESTRUTURAS E ANDAIMES PRÉ-FABRICADOS,PONTES FIXAS E FLUTUANTES,True,2021-10-16 09:17:13.045775,2026-08-08
358,5430,54,ESTRUTURAS E ANDAIMES PRÉ-FABRICADOS,TANQUES DE ARMAZENAGEM,True,2021-10-16 09:17:13.045775,2026-08-08
359,5440,54,ESTRUTURAS E ANDAIMES PRÉ-FABRICADOS,EQUIPAMENTOS PARA MONTAGEM DE ANDAIME E FORMAS DE CONCRETO,True,2021-10-16 09:17:13.045775,2026-08-08
360,5445,54,ESTRUTURAS E ANDAIMES PRÉ-FABRICADOS,ESTRUTURAS DE TORRES PRÉ-FABRICADAS,True,2021-10-16 09:17:13.045775,2026-08-08
361,5450,54,ESTRUTURAS E ANDAIMES PRÉ-FABRICADOS,ESTRUTURAS PRÉ-FABRICADAS DIVERSAS,True,2021-10-16 09:17:13.045775,2026-08-08
362,5510,55,"TÁBUAS, ESQUADRIAS, COMPENSADOS E FOLHEADOS DE MADEIRA",TÁBUAS E ARTIGOS CORRELATOS À BASE DE MADEIRA,True,2021-10-16 09:17:13.045775,2026-08-08
363,5520,55,"TÁBUAS, ESQUADRIAS, COMPENSADOS E FOLHEADOS DE MADEIRA",ESQUADRIAS,True,2021-10-16 09:17:13.045775,2026-08-08
364,5530,55,"TÁBUAS, ESQUADRIAS, COMPENSADOS E FOLHEADOS DE MADEIRA",COMPENSADOS E FOLHEADOS,True,2021-10-16 09:17:13.045775,2026-08-08
365,5610,56,MATERIAIS PARA CONSTRUÇÃO,"MATERIAIS DE ORIGEM MINERAL PARA CONSTRUÇÃO, A GRANEL",True,2021-10-16 09:17:13.045775,2026-08-08
366,5620,56,MATERIAIS PARA CONSTRUÇÃO,"VIDROS, TELHAS, TIJOLOS E BLOCOS PARA CONSTRUÇÃO",True,2021-10-16 09:17:13.045775,2026-08-08
367,5630,56,MATERIAIS PARA CONSTRUÇÃO,"TUBOS E CONDUTOS, NÃO METÁLICOS, PARA CONSTRUÇÃO",True,2021-10-16 09:17:13.045775,2026-08-08
368,5640,56,MATERIAIS PARA CONSTRUÇÃO,"PAINEL DE PAPELÃO,PAPEL EMPREGADO EM CONSTRUÇÃO E MATERIAIS DE ISOLAMENTO TÉRMICO",True,2021-10-16 09:17:13.045775,2026-08-08
369,5650,56,MATERIAIS PARA CONSTRUÇÃO,MATERIAIS PARA TELHADOS E REVESTIMENTO DE PAREDES,True,2021-10-16 09:17:13.045775,2026-08-08
370,5660,56,MATERIAIS PARA CONSTRUÇÃO,"CERCAS, GRADES E PORTÕES",True,2021-10-16 09:17:13.045775,2026-08-08
371,5670,56,MATERIAIS PARA CONSTRUÇÃO,COMPONENTES PRÉ-FABRICADOS PARA CONSTRUÇÃO,True,2021-10-16 09:17:13.045775,2026-08-08
372,5675,56,MATERIAIS PARA CONSTRUÇÃO,MATERIAL DE CONSTRUÇÃO SINTÉTICO E ARTIGOS CORRELATOS,True,2021-10-16 09:17:13.045775,2026-08-08
373,5680,56,MATERIAIS PARA CONSTRUÇÃO,MATERIAIS DIVERSOS PARA CONSTRUÇÃO,True,2021-10-16 09:17:13.045775,2026-08-08
374,5805,58,"EQUIPAMENTOS DE COMUNICAÇÕES, DETEÇÃO E RADIAÇÃO COERENTE",EQUIPAMENTO TELEFÔNICO E TELEGRÁFICO,True,2021-10-16 09:17:13.045775,2026-08-08
375,5810,58,"EQUIPAMENTOS DE COMUNICAÇÕES, DETEÇÃO E RADIAÇÃO COERENTE",EQUIPAMENTOS E COMPONENTES PARA SEGURANÇA DE COMUNICAÇÕES,True,2021-10-16 09:17:13.045775,2026-08-08
376,5811,58,"EQUIPAMENTOS DE COMUNICAÇÕES, DETEÇÃO E RADIAÇÃO COERENTE",OUTROS EQUIPAMENTOS CRIPTOLÓGICOS E COMPONENTES,True,2021-10-16 09:17:13.045775,2026-08-08
377,5815,58,"EQUIPAMENTOS DE COMUNICAÇÕES, DETEÇÃO E RADIAÇÃO COERENTE",EQUIPAMENTOS DE TELETIPO E FAC-SÍMILE,True,2021-10-16 09:17:13.045775,2026-08-08
378,5820,58,"EQUIPAMENTOS DE COMUNICAÇÕES, DETEÇÃO E RADIAÇÃO COERENTE","EQUIPAMENTOS PARA COMUNICAÇÃO POR RÁDIO E TELEVISÃO, EXCETO OS DE AERONAVES",True,2021-10-16 09:17:13.045775,2026-08-08
379,5821,58,"EQUIPAMENTOS DE COMUNICAÇÕES, DETEÇÃO E RADIAÇÃO COERENTE","EQUIPAMENTOS PARA COMUNICACÃO POR RÁDIO E TELEVISÃO, PARA A-ERONAVES",True,2021-10-16 09:17:13.045775,2026-08-08
380,5825,58,"EQUIPAMENTOS DE COMUNICAÇÕES, DETEÇÃO E RADIAÇÃO COERENTE","EQUIPAMENTOS DE RADIONAVEGAÇÃO, EXCETO OS DE AERONAVES",True,2021-10-16 09:17:13.045775,2026-08-08
381,5826,58,"EQUIPAMENTOS DE COMUNICAÇÕES, DETEÇÃO E RADIAÇÃO COERENTE",EQUIPAMENTOS PARA RADIONAVEGAÇÃO DE AERONAVES,True,2021-10-16 09:17:13.045775,2026-08-08
382,5830,58,"EQUIPAMENTOS DE COMUNICAÇÕES, DETEÇÃO E RADIAÇÃO COERENTE","SISTEMAS DE INTERCOMUNICAÇÃO E AMPLIFICAÇÃO DE  VOZ,  EXCETOOS DE AERONAVES",True,2021-10-16 09:17:13.045775,2026-08-08
383,5831,58,"EQUIPAMENTOS DE COMUNICAÇÕES, DETEÇÃO E RADIAÇÃO COERENTE","SISTEMAS PARA INTERCOMUNICAÇÃO E AMPLIFICAÇÃO DE VOZ, DE  AERONAVES",True,2021-10-16 09:17:13.045775,2026-08-08
384,5835,58,"EQUIPAMENTOS DE COMUNICAÇÕES, DETEÇÃO E RADIAÇÃO COERENTE",EQUIPAMENTOS PARA GRAVAÇÃO E REPRODUÇÃO DE SOM,True,2021-10-16 09:17:13.045775,2026-08-08
385,5836,58,"EQUIPAMENTOS DE COMUNICAÇÕES, DETEÇÃO E RADIAÇÃO COERENTE",EQUIPAMENTOS PARA GRAVAÇÃO E REPRODUÇÃO DE VÍDEO,True,2021-10-16 09:17:13.045775,2026-08-08
386,5840,58,"EQUIPAMENTOS DE COMUNICAÇÕES, DETEÇÃO E RADIAÇÃO COERENTE","EQUIPAMENTOS DE RADAR, EXCETO OS DE AERONAVES",True,2021-10-16 09:17:13.045775,2026-08-08
387,5841,58,"EQUIPAMENTOS DE COMUNICAÇÕES, DETEÇÃO E RADIAÇÃO COERENTE",EQUIPAMENTOS DE RADAR PARA AERONAVES,True,2021-10-16 09:17:13.045775,2026-08-08
388,5845,58,"EQUIPAMENTOS DE COMUNICAÇÕES, DETEÇÃO E RADIAÇÃO COERENTE",EQUIPAMENTOS SUBMARINO DE SOM,True,2021-10-16 09:17:13.045775,2026-08-08
389,5850,58,"EQUIPAMENTOS DE COMUNICAÇÕES, DETEÇÃO E RADIAÇÃO COERENTE",EQUIPAMENTOS PARA COMUNICAÇÃO COM LUZ VISÍVEL E INVISÍVEL,True,2021-10-16 09:17:13.045775,2026-08-08
390,5855,58,"EQUIPAMENTOS DE COMUNICAÇÕES, DETEÇÃO E RADIAÇÃO COERENTE","EQUIPAMENTOS PARA VISÃO NOTURNA, POR RADIAÇÃO EMITIDA  E  REFLETIDA",True,2021-10-16 09:17:13.045775,2026-08-08
391,5860,58,"EQUIPAMENTOS DE COMUNICAÇÕES, DETEÇÃO E RADIAÇÃO COERENTE","DISPOSITIVOS DE RADIAÇÃO COERENTE ESTIMULADA, SEUS  COMPONENTES E ACESSÓRIOS",True,2021-10-16 09:17:13.045775,2026-08-08
392,5865,58,"EQUIPAMENTOS DE COMUNICAÇÕES, DETEÇÃO E RADIAÇÃO COERENTE","EQUIPAMENTOS PARA CONTRAMEDIDAS ELETRÔNICAS,   CONTRA-CONTRAMEDIDAS E DE CAPACIDADE DE REAÇÃO RÁPIDA",True,2021-10-16 09:17:13.045775,2026-08-08
393,5895,58,"EQUIPAMENTOS DE COMUNICAÇÕES, DETEÇÃO E RADIAÇÃO COERENTE",EQUIPAMENTOS DIVERSOS PARA COMUNICAÇÕES,True,2021-10-16 09:17:13.045775,2026-08-08
394,5905,59,COMPONENTES DE EQUIPAMENTOS ELÉTRICOS E ELETRÔNICOS,RESISTORES,True,2021-10-16 09:17:13.045775,2026-08-08
395,5910,59,COMPONENTES DE EQUIPAMENTOS ELÉTRICOS E ELETRÔNICOS,CAPACITORES,True,2021-10-16 09:17:13.045775,2026-08-08
396,5915,59,COMPONENTES DE EQUIPAMENTOS ELÉTRICOS E ELETRÔNICOS,FILTROS E REDES,True,2021-10-16 09:17:13.045775,2026-08-08
397,5920,59,COMPONENTES DE EQUIPAMENTOS ELÉTRICOS E ELETRÔNICOS,"FUSÍVEIS INTERRUPTORES, ISOLANTES E PROTETORES",True,2021-10-16 09:17:13.045775,2026-08-08
398,5925,59,COMPONENTES DE EQUIPAMENTOS ELÉTRICOS E ELETRÔNICOS,DISJUNTORES,True,2021-10-16 09:17:13.045775,2026-08-08
399,5930,59,COMPONENTES DE EQUIPAMENTOS ELÉTRICOS E ELETRÔNICOS,CHAVES ELÉTRICAS,True,2021-10-16 09:17:13.045775,2026-08-08
400,5935,59,COMPONENTES DE EQUIPAMENTOS ELÉTRICOS E ELETRÔNICOS,CONECTORES ELÉTRICOS,True,2021-10-16 09:17:13.045775,2026-08-08
401,5940,59,COMPONENTES DE EQUIPAMENTOS ELÉTRICOS E ELETRÔNICOS,"BORNES, TERMINAIS E LÂMINAS TERMINAIS",True,2021-10-16 09:17:13.045775,2026-08-08
402,5945,59,COMPONENTES DE EQUIPAMENTOS ELÉTRICOS E ELETRÔNICOS,RELÉS E SOLENÓIDES,True,2021-10-16 09:17:13.045775,2026-08-08
403,5950,59,COMPONENTES DE EQUIPAMENTOS ELÉTRICOS E ELETRÔNICOS,BOBINAS E TRANSFORMADORES,True,2021-10-16 09:17:13.045775,2026-08-08
404,5955,59,COMPONENTES DE EQUIPAMENTOS ELÉTRICOS E ELETRÔNICOS,CRISTAIS OSCILADORES E PIEZOELÉTRICOS,True,2021-10-16 09:17:13.045775,2026-08-08
405,5960,59,COMPONENTES DE EQUIPAMENTOS ELÉTRICOS E ELETRÔNICOS,VÁLVULAS ELETRÔNICAS E FERRAGENS CORRELATAS,True,2021-10-16 09:17:13.045775,2026-08-08
406,5961,59,COMPONENTES DE EQUIPAMENTOS ELÉTRICOS E ELETRÔNICOS,DISPOSITIVOS A SEMICONDUTOR E PLACAS ASSOCIADAS (CIRCUITOS),True,2021-10-16 09:17:13.045775,2026-08-08
407,5962,59,COMPONENTES DE EQUIPAMENTOS ELÉTRICOS E ELETRÔNICOS,MICROCIRCUITOS ELETRÔNICOS,True,2021-10-16 09:17:13.045775,2026-08-08
408,5963,59,COMPONENTES DE EQUIPAMENTOS ELÉTRICOS E ELETRÔNICOS,MÓDULOS ELETRÔNICOS,True,2021-10-16 09:17:13.045775,2026-08-08
409,5965,59,COMPONENTES DE EQUIPAMENTOS ELÉTRICOS E ELETRÔNICOS,"FONES, MICROFONES E ALTO-FALANTES",True,2021-10-16 09:17:13.045775,2026-08-08
410,5970,59,COMPONENTES DE EQUIPAMENTOS ELÉTRICOS E ELETRÔNICOS,ISOLADORES ELÉTRICOS E MATERIAIS ISOLANTES,True,2021-10-16 09:17:13.045775,2026-08-08
411,5975,59,COMPONENTES DE EQUIPAMENTOS ELÉTRICOS E ELETRÔNICOS,FERRAGENS E SUPRIMENTOS DE ELETRICIDADE,True,2021-10-16 09:17:13.045775,2026-08-08
412,5977,59,COMPONENTES DE EQUIPAMENTOS ELÉTRICOS E ELETRÔNICOS,ESCOVAS DE CONTATO ELÉTRICO E ELETRODOS,True,2021-10-16 09:17:13.045775,2026-08-08
413,5980,59,COMPONENTES DE EQUIPAMENTOS ELÉTRICOS E ELETRÔNICOS,DISPOSITIVOS OPTOELETRÔNICOS E ITENS CORRELATOS,True,2021-10-16 09:17:13.045775,2026-08-08
414,5985,59,COMPONENTES DE EQUIPAMENTOS ELÉTRICOS E ELETRÔNICOS,"ANTENAS, GUIAS DE ONDA E ITENS CORRELATOS",True,2021-10-16 09:17:13.045775,2026-08-08
415,5990,59,COMPONENTES DE EQUIPAMENTOS ELÉTRICOS E ELETRÔNICOS,SINCRONIZADORES E ANALISADORES,True,2021-10-16 09:17:13.045775,2026-08-08
416,5995,59,COMPONENTES DE EQUIPAMENTOS ELÉTRICOS E ELETRÔNICOS,"CONJUNTOS DE CABOS, CORDÕES E FIOS ELÉTRICOS PARA  EQUIPAMENTOS DE COMUNICAÇÕES",True,2021-10-16 09:17:13.045775,2026-08-08
417,5996,59,COMPONENTES DE EQUIPAMENTOS ELÉTRICOS E ELETRÔNICOS,AMPLIFICADORES,True,2021-10-16 09:17:13.045775,2026-08-08
418,5998,59,COMPONENTES DE EQUIPAMENTOS ELÉTRICOS E ELETRÔNICOS,"CONJUNTOS ELÉTRICOS E ELETRÔNICOS, PLACAS, CARTÕES  E  ITENSCORRELATOS",True,2021-10-16 09:17:13.045775,2026-08-08
419,5999,59,COMPONENTES DE EQUIPAMENTOS ELÉTRICOS E ELETRÔNICOS,COMPONENTES ELÉTRICOS E ELETRÔNICOS DIVERSOS,True,2021-10-16 09:17:13.045775,2026-08-08
420,6004,60,"MATERIAIS, COMPONENTES, CONJUNTOS E ACESSÓRIOS DE FIBRAS  Ó-TICAS",JUNTAS ROTATIVAS,True,2021-10-16 09:17:13.045775,2026-08-08
421,6005,60,"MATERIAIS, COMPONENTES, CONJUNTOS E ACESSÓRIOS DE FIBRAS  Ó-TICAS","ACOPLADORES , ISOLADORES E MISTURADORES",True,2021-10-16 09:17:13.045775,2026-08-08
422,6006,60,"MATERIAIS, COMPONENTES, CONJUNTOS E ACESSÓRIOS DE FIBRAS  Ó-TICAS",ATENUADORES,True,2021-10-16 09:17:13.045775,2026-08-08
423,6007,60,"MATERIAIS, COMPONENTES, CONJUNTOS E ACESSÓRIOS DE FIBRAS  Ó-TICAS",FILTROS,True,2021-10-16 09:17:13.045775,2026-08-08
424,6008,60,"MATERIAIS, COMPONENTES, CONJUNTOS E ACESSÓRIOS DE FIBRAS  Ó-TICAS",MULTIPLEXADORES E DEMULTIPLEXADORES,True,2021-10-16 09:17:13.045775,2026-08-08
425,6010,60,"MATERIAIS, COMPONENTES, CONJUNTOS E ACESSÓRIOS DE FIBRAS  Ó-TICAS",CONDUTORES DE FIBRA ÓTICA,True,2021-10-16 09:17:13.045775,2026-08-08
426,6015,60,"MATERIAIS, COMPONENTES, CONJUNTOS E ACESSÓRIOS DE FIBRAS  Ó-TICAS",CABOS DE FIBRA ÓTICA,True,2021-10-16 09:17:13.045775,2026-08-08
427,6020,60,"MATERIAIS, COMPONENTES, CONJUNTOS E ACESSÓRIOS DE FIBRAS  Ó-TICAS",CONJUNTOS MONTADOS DE CABOS DE FOBRA ÓTICA,True,2021-10-16 09:17:13.045775,2026-08-08
428,6021,60,"MATERIAIS, COMPONENTES, CONJUNTOS E ACESSÓRIOS DE FIBRAS  Ó-TICAS",INTERRUPTORES DE FIBRA ÓTICA,True,2021-10-16 09:17:13.045775,2026-08-08
429,6025,60,"MATERIAIS, COMPONENTES, CONJUNTOS E ACESSÓRIOS DE FIBRAS  Ó-TICAS",TRANSMISSORES DE FIBRA OTICA,True,2021-10-16 09:17:13.045775,2026-08-08
430,6026,60,"MATERIAIS, COMPONENTES, CONJUNTOS E ACESSÓRIOS DE FIBRAS  Ó-TICAS",RECEPTORES DE FIBRA OTICA,True,2021-10-16 09:17:13.045775,2026-08-08
431,6029,60,"MATERIAIS, COMPONENTES, CONJUNTOS E ACESSÓRIOS DE FIBRAS  Ó-TICAS",REPETIDORES OTICOS,True,2021-10-16 09:17:13.045775,2026-08-08
432,6030,60,"MATERIAIS, COMPONENTES, CONJUNTOS E ACESSÓRIOS DE FIBRAS  Ó-TICAS",DISPOSITIVOS DE FIBRA ÓTICA,True,2021-10-16 09:17:13.045775,2026-08-08
433,6031,60,"MATERIAIS, COMPONENTES, CONJUNTOS E ACESSÓRIOS DE FIBRAS  Ó-TICAS",CIRCUITOS OTICOS INTEGRADOS,True,2021-10-16 09:17:13.045775,2026-08-08
434,6032,60,"MATERIAIS, COMPONENTES, CONJUNTOS E ACESSÓRIOS DE FIBRAS  Ó-TICAS",FONTES DE LUZ DE FIBRA ÓTICA E FOTODETETORES,True,2021-10-16 09:17:13.045775,2026-08-08
435,6033,60,"MATERIAIS, COMPONENTES, CONJUNTOS E ACESSÓRIOS DE FIBRAS  Ó-TICAS",FOTO DETETORES DE FIBRA OTICA,True,2021-10-16 09:17:13.045775,2026-08-08
436,6035,60,"MATERIAIS, COMPONENTES, CONJUNTOS E ACESSÓRIOS DE FIBRAS  Ó-TICAS",DISPOSITIVOS DE TRANSFERÊNCIA DE LUZ E DE IMAGEM DE FIBRA  ÓTICA,True,2021-10-16 09:17:13.045775,2026-08-08
437,6050,60,"MATERIAIS, COMPONENTES, CONJUNTOS E ACESSÓRIOS DE FIBRAS  Ó-TICAS",DISPOSITIVOS PASSIVOS DE FIBRA OTICA,True,2021-10-16 09:17:13.045775,2026-08-08
438,6060,60,"MATERIAIS, COMPONENTES, CONJUNTOS E ACESSÓRIOS DE FIBRAS  Ó-TICAS",INTERCONECTORES E SUPRIMENTOS DE FIBRA ÓTICA,True,2021-10-16 09:17:13.045775,2026-08-08
439,6070,60,"MATERIAIS, COMPONENTES, CONJUNTOS E ACESSÓRIOS DE FIBRAS  Ó-TICAS",ACESSÓRIOS E MATERIAIS DE FIBRAS ÓTICAS,True,2021-10-16 09:17:13.045775,2026-08-08
440,6080,60,"MATERIAIS, COMPONENTES, CONJUNTOS E ACESSÓRIOS DE FIBRAS  Ó-TICAS",JOGOS E CONJUNTOS DE FIBRAS ÓTICAS,True,2021-10-16 09:17:13.045775,2026-08-08
441,6099,60,"MATERIAIS, COMPONENTES, CONJUNTOS E ACESSÓRIOS DE FIBRAS  Ó-TICAS",COMPONENTES DIVERSOS DE FIBRA ÓTICA,True,2021-10-16 09:17:13.045775,2026-08-08
442,6105,61,CONDUTORES ELÉTRICOS E EQUIPAMENTOS PARA GERAÇÃO  E  DISTRI-BUIÇÃO DE ENERGIA,MOTORES ELÉTRICOS,True,2021-10-16 09:17:13.045775,2026-08-08
443,6110,61,CONDUTORES ELÉTRICOS E EQUIPAMENTOS PARA GERAÇÃO  E  DISTRI-BUIÇÃO DE ENERGIA,EQUIPAMENTOS DE CONTROLE ELÉTRICO,True,2021-10-16 09:17:13.045775,2026-08-08
444,6115,61,CONDUTORES ELÉTRICOS E EQUIPAMENTOS PARA GERAÇÃO  E  DISTRI-BUIÇÃO DE ENERGIA,GERADORES E CONJUNTOS GERADORES ELÉTRICOS,True,2021-10-16 09:17:13.045775,2026-08-08
445,6116,61,CONDUTORES ELÉTRICOS E EQUIPAMENTOS PARA GERAÇÃO  E  DISTRI-BUIÇÃO DE ENERGIA,"UNIDADES DE FORÇA DE CÉLULA DE  COMBUSTÍVEL,  COMPONENTES E ACESSÓRIOS",True,2021-10-16 09:17:13.045775,2026-08-08
446,6117,61,CONDUTORES ELÉTRICOS E EQUIPAMENTOS PARA GERAÇÃO  E  DISTRI-BUIÇÃO DE ENERGIA,SISTEMA DE ENERGIA ELÉTRICA SOLAR,True,2021-10-16 09:17:13.045775,2026-08-08
447,6120,61,CONDUTORES ELÉTRICOS E EQUIPAMENTOS PARA GERAÇÃO  E  DISTRI-BUIÇÃO DE ENERGIA,TRANSFORMADORES PARA ESTAÇÃO DE FORÇA E DE DISTRIBUIÇÃO,True,2021-10-16 09:17:13.045775,2026-08-08
448,6125,61,CONDUTORES ELÉTRICOS E EQUIPAMENTOS PARA GERAÇÃO  E  DISTRI-BUIÇÃO DE ENERGIA,CONVERSORES ELÉTRICOS ROTATIVOS,True,2021-10-16 09:17:13.045775,2026-08-08
449,6130,61,CONDUTORES ELÉTRICOS E EQUIPAMENTOS PARA GERAÇÃO  E  DISTRI-BUIÇÃO DE ENERGIA,CONVERSORES ELÉTRICOS ESTÁTICOS,True,2021-10-16 09:17:13.045775,2026-08-08
450,6135,61,CONDUTORES ELÉTRICOS E EQUIPAMENTOS PARA GERAÇÃO  E  DISTRI-BUIÇÃO DE ENERGIA,BATERIAS NAO RECARREGÁVEIS,True,2021-10-16 09:17:13.045775,2026-08-08
451,6140,61,CONDUTORES ELÉTRICOS E EQUIPAMENTOS PARA GERAÇÃO  E  DISTRI-BUIÇÃO DE ENERGIA,BATERIAS RECARREGÁVEIS,True,2021-10-16 09:17:13.045775,2026-08-08
452,6145,61,CONDUTORES ELÉTRICOS E EQUIPAMENTOS PARA GERAÇÃO  E  DISTRI-BUIÇÃO DE ENERGIA,FIOS E CABOS ELÉTRICOS,True,2021-10-16 09:17:13.045775,2026-08-08
453,6150,61,CONDUTORES ELÉTRICOS E EQUIPAMENTOS PARA GERAÇÃO  E  DISTRI-BUIÇÃO DE ENERGIA,EQUIPAMENTOS DIVERSOS PARA GERAÇÃO E DISTRIBUIÇÃO DE ENERGIA,True,2021-10-16 09:17:13.045775,2026-08-08
454,6160,61,CONDUTORES ELÉTRICOS E EQUIPAMENTOS PARA GERAÇÃO  E  DISTRI-BUIÇÃO DE ENERGIA,ACESSÓRIOS E REVESTIMENTOS DIVERSOS PARA BATERIAS,True,2021-10-16 09:17:13.045775,2026-08-08
455,6210,62,EQUIPAMENTOS DE ILUMINAÇÃO E LÂMPADAS,APARELHOS DE ILUMINAÇÃO ELÉTRICA DE USO INTERNO E EXTERNO,True,2021-10-16 09:17:13.045775,2026-08-08
456,6220,62,EQUIPAMENTOS DE ILUMINAÇÃO E LÂMPADAS,LUZES E EQUIPAMENTOS DE ILUMINAÇÃO ELÉTRICA PARA VEÍCULOS,True,2021-10-16 09:17:13.045775,2026-08-08
457,6230,62,EQUIPAMENTOS DE ILUMINAÇÃO E LÂMPADAS,EQUIPAMENTOS DE ILUMINAÇÃO ELÉTRICA MANUAL E PORTÁTIL,True,2021-10-16 09:17:13.045775,2026-08-08
458,6240,62,EQUIPAMENTOS DE ILUMINAÇÃO E LÂMPADAS,LÂMPADAS ELÉTRICAS,True,2021-10-16 09:17:13.045775,2026-08-08
459,6250,62,EQUIPAMENTOS DE ILUMINAÇÃO E LÂMPADAS,"LUSTRES, SUPORTES PARA LÂMPADAS E ELEMENTOS DE PARTIDA",True,2021-10-16 09:17:13.045775,2026-08-08
460,6260,62,EQUIPAMENTOS DE ILUMINAÇÃO E LÂMPADAS,EQUIPAMENTOS DE ILUMINAÇÃO NÃO ELÉTRICOS,True,2021-10-16 09:17:13.045775,2026-08-08
461,6310,63,"SISTEMAS DE ALARME, SINALIZAÇÃO E DETECÇÃO PARA SEGURANÇA",SISTEMA DE SINALIZAÇÃO DE TRÁFEGO E TRÂNSITO,True,2021-10-16 09:17:13.045775,2026-08-08
462,6320,63,"SISTEMAS DE ALARME, SINALIZAÇÃO E DETECÇÃO PARA SEGURANÇA",SISTEMAS DE SINALIZAÇÃO E ALARME DE EMBARCAÇÕES,True,2021-10-16 09:17:13.045775,2026-08-08
463,6330,63,"SISTEMAS DE ALARME, SINALIZAÇÃO E DETECÇÃO PARA SEGURANÇA",SISTEMAS DE SINALIZAÇÃO E ALARME PARA FERROVIAS,True,2021-10-16 09:17:13.045775,2026-08-08
464,6340,63,"SISTEMAS DE ALARME, SINALIZAÇÃO E DETECÇÃO PARA SEGURANÇA",SISTEMAS DE SINALIZAÇÃO E ALARME PARA AERONAVES,True,2021-10-16 09:17:13.045775,2026-08-08
465,6350,63,"SISTEMAS DE ALARME, SINALIZAÇÃO E DETECÇÃO PARA SEGURANÇA","SISTEMAS DIVERSOS DE SINALIZAÇÃO, ALARME E DETECÇÃO PARA  SEGURANÇA",True,2021-10-16 09:17:13.045775,2026-08-08
466,6405,64,"MEDICAMENTOS, DROGAS E PRODUTOS BIOLOGICOS",MEDICAMENTOS PARA APARELHOS DIGESTIVO METABOLISMO E NUTRICAO,False,2021-10-16 09:17:13.045775,2026-08-08
467,6410,64,"MEDICAMENTOS, DROGAS E PRODUTOS BIOLOGICOS",MEDICAMENTOS PARA SANGUE E ORGAOS HEMATOPOETICOS,False,2021-10-16 09:17:13.045775,2026-08-08
468,6415,64,"MEDICAMENTOS, DROGAS E PRODUTOS BIOLOGICOS",MEDICAMENTOS PARA APARELHO CARDIVASCULAR,False,2021-10-16 09:17:13.045775,2026-08-08
469,6420,64,"MEDICAMENTOS, DROGAS E PRODUTOS BIOLOGICOS","MEDICAMENTOS PARA DERMATOLOGICOS,   OTOLOGICOS   EOFTAMOLOGICOS",False,2021-10-16 09:17:13.045775,2026-08-08
470,6425,64,"MEDICAMENTOS, DROGAS E PRODUTOS BIOLOGICOS",MEDICAMENTOS PARA APARELHOS GENITOURINARIO E HARMONIOS SEXUAIS,False,2021-10-16 09:17:13.045775,2026-08-08
471,6430,64,"MEDICAMENTOS, DROGAS E PRODUTOS BIOLOGICOS","MEDICAMENTOS PARA HORMONIOS, EXCETO SEXUAIS E METABOLISMO",False,2021-10-16 09:17:13.045775,2026-08-08
472,6435,64,"MEDICAMENTOS, DROGAS E PRODUTOS BIOLOGICOS",MEDICAMENTOS PARA QUIMIOTERAPIA,False,2021-10-16 09:17:13.045775,2026-08-08
473,6445,64,"MEDICAMENTOS, DROGAS E PRODUTOS BIOLOGICOS",MEDICAMENTOS PARA SISTEMA NERVOSO,False,2021-10-16 09:17:13.045775,2026-08-08
474,6450,64,"MEDICAMENTOS, DROGAS E PRODUTOS BIOLOGICOS",MEDICAMENTOS PARA APARELHO RESPIRATORIO,False,2021-10-16 09:17:13.045775,2026-08-08
475,6455,64,"MEDICAMENTOS, DROGAS E PRODUTOS BIOLOGICOS",MEDICAMENTOS PARA SISTEMA MUSCULO ESQUELETICO,False,2021-10-16 09:17:13.045775,2026-08-08
476,6465,64,"MEDICAMENTOS, DROGAS E PRODUTOS BIOLOGICOS",OUTROS MEDICAMENTOS,False,2021-10-16 09:17:13.045775,2026-08-08
477,6470,64,"MEDICAMENTOS, DROGAS E PRODUTOS BIOLOGICOS",DROGAS E PRODUTOS QUIMICOS PARA ANALISE   LABORATORIAIS,False,2021-10-16 09:17:13.045775,2026-08-08
478,6495,64,"MEDICAMENTOS, DROGAS E PRODUTOS BIOLOGICOS","MEDICAMENTOS, DROGAS E PRODUTOS BIOLOGICOS, DIVER SOS",False,2021-10-16 09:17:13.045775,2026-08-08
479,6505,65,"EQUIPAMENTOS E ARTIGOS PARA USO MÉDICO, DENTÁRIO E VETERINÁRIO",DROGAS E MEDICAMENTOS,True,2021-10-16 09:17:13.045775,2026-08-08
480,6508,65,"EQUIPAMENTOS E ARTIGOS PARA USO MÉDICO, DENTÁRIO E VETERINÁRIO",COSMÉTICOS E ARTIGOS DE TOUCADOR DE NATUREZA MEDICINAL,True,2021-10-16 09:17:13.045775,2026-08-08
481,6509,65,"EQUIPAMENTOS E ARTIGOS PARA USO MÉDICO, DENTÁRIO E VETERINÁRIO",DROGAS E PRODUTOS BIOLÓGICOS DE USO VETERINÁRIO,True,2021-10-16 09:17:13.045775,2026-08-08
482,6510,65,"EQUIPAMENTOS E ARTIGOS PARA USO MÉDICO, DENTÁRIO E VETERINÁRIO",MATERIAIS CIRÚRGICOS PARA CURATIVOS,True,2021-10-16 09:17:13.045775,2026-08-08
483,6515,65,"EQUIPAMENTOS E ARTIGOS PARA USO MÉDICO, DENTÁRIO E VETERINÁRIO","INSTRUMENTOS, EQUIPAMENTOS E SUPRIMENTOS MÉDICOS  E  CIRÚRGICOS",True,2021-10-16 09:17:13.045775,2026-08-08
484,6520,65,"EQUIPAMENTOS E ARTIGOS PARA USO MÉDICO, DENTÁRIO E VETERINÁRIO","INSTRUMENTOS, EQUIPAMENTOS E SUPRIMENTOS DENTÁRIOS",True,2021-10-16 09:17:13.045775,2026-08-08
485,6525,65,"EQUIPAMENTOS E ARTIGOS PARA USO MÉDICO, DENTÁRIO E VETERINÁRIO","EQUIPAMENTOS E SUPRIMENTOS DE RAIOS-X DE USO  MÉDICO,  DENTÁRIO E VETERINÁRIO",True,2021-10-16 09:17:13.045775,2026-08-08
486,6530,65,"EQUIPAMENTOS E ARTIGOS PARA USO MÉDICO, DENTÁRIO E VETERINÁRIO","MOBILIÁRIO, EQUIPAMENTOS, UTENSÍLIOS E  SUPRIMENTOS  HOSPITALARES",True,2021-10-16 09:17:13.045775,2026-08-08
487,6532,65,"EQUIPAMENTOS E ARTIGOS PARA USO MÉDICO, DENTÁRIO E VETERINÁRIO",VESTUÁRIO HOSPITALAR E CIRÚRGICO E ITENS CORRELATOS DE  FINALIDADES ESPECIAIS,True,2021-10-16 09:17:13.045775,2026-08-08
488,6540,65,"EQUIPAMENTOS E ARTIGOS PARA USO MÉDICO, DENTÁRIO E VETERINÁRIO","EQUIPAMENTOS, INSTRUMENTOS E SUPRIMENTOS OFTALMOLÓGICOS",True,2021-10-16 09:17:13.045775,2026-08-08
489,6545,65,"EQUIPAMENTOS E ARTIGOS PARA USO MÉDICO, DENTÁRIO E VETERINÁRIO",JOGOS E CONJUNTOS MÉDICOS,True,2021-10-16 09:17:13.045775,2026-08-08
490,6550,65,"EQUIPAMENTOS E ARTIGOS PARA USO MÉDICO, DENTÁRIO E VETERINÁRIO","SUBSTÂNCIAS PARA DIAGNÓSTICO ""IN VITRO"",  REAGENTES,  CONJUNTOS E JOGOS PARA TESTE",True,2021-10-16 09:17:13.045775,2026-08-08
491,6605,66,INSTRUMENTOS E EQUIPAMENTOS DE LABORATÓRIO,INSTRUMENTOS DE NAVEGAÇÃO,True,2021-10-16 09:17:13.045775,2026-08-08
492,6610,66,INSTRUMENTOS E EQUIPAMENTOS DE LABORATÓRIO,INSTRUMENTOS DE VÔO,True,2021-10-16 09:17:13.045775,2026-08-08
493,6615,66,INSTRUMENTOS E EQUIPAMENTOS DE LABORATÓRIO,MECANISMOS DE PILOTO AUTOMÁTICO E  COMPONENTES GIROSCÓPICOS DE AERONAVES,True,2021-10-16 09:17:13.045775,2026-08-08
494,6620,66,INSTRUMENTOS E EQUIPAMENTOS DE LABORATÓRIO,INSTRUMENTOS DE MOTOR,True,2021-10-16 09:17:13.045775,2026-08-08
495,6625,66,INSTRUMENTOS E EQUIPAMENTOS DE LABORATÓRIO,INSTRUMENTO DE TESTE E DE MEDIÇÃO DE PROPRIEDADES ELÉTRICAS E ELETRÔNICAS,True,2021-10-16 09:17:13.045775,2026-08-08
496,6630,66,INSTRUMENTOS E EQUIPAMENTOS DE LABORATÓRIO,INSTRUMENTOS PARA ANÁLISES QUÍMICAS,True,2021-10-16 09:17:13.045775,2026-08-08
497,6635,66,INSTRUMENTOS E EQUIPAMENTOS DE LABORATÓRIO,EQUIPAMENTOS PARA TESTES DE PROPRIEDADES FÍSICAS,True,2021-10-16 09:17:13.045775,2026-08-08
498,6636,66,INSTRUMENTOS E EQUIPAMENTOS DE LABORATÓRIO,CÂMARAS DE CONTROLE AMBIENTAL E EQUIPAMENTOS CORRELATOS,True,2021-10-16 09:17:13.045775,2026-08-08
499,6640,66,INSTRUMENTOS E EQUIPAMENTOS DE LABORATÓRIO,EQUIPAMENTOS E ARTIGOS DE LABORATÓRIO,True,2021-10-16 09:17:13.045775,2026-08-08
500,6645,66,INSTRUMENTOS E EQUIPAMENTOS DE LABORATÓRIO,INSTRUMENTOS PARA MEDIÇÃO DE TEMPO,True,2021-10-16 09:17:13.045775,2026-08-08
501,6650,66,INSTRUMENTOS E EQUIPAMENTOS DE LABORATÓRIO,"INSTRUMENTOS ÓTICOS, EQUIPAMENTOS DE TESTE, COMPONENTES  E ACESSÓRIOS",True,2021-10-16 09:17:13.045775,2026-08-08
502,6655,66,INSTRUMENTOS E EQUIPAMENTOS DE LABORATÓRIO,INSTRUMENTOS GEOFÍSICOS,True,2021-10-16 09:17:13.045775,2026-08-08
503,6660,66,INSTRUMENTOS E EQUIPAMENTOS DE LABORATÓRIO,INSTRUMENTOS E APARELHOS METEOROLÓGICOS,True,2021-10-16 09:17:13.045775,2026-08-08
504,6665,66,INSTRUMENTOS E EQUIPAMENTOS DE LABORATÓRIO,INSTRUMENTOS E APARELHOS DE DETECÇÃO DE PERIGO,True,2021-10-16 09:17:13.045775,2026-08-08
505,6670,66,INSTRUMENTOS E EQUIPAMENTOS DE LABORATÓRIO,ESCALAS E BALANÇAS,True,2021-10-16 09:17:13.045775,2026-08-08
506,6675,66,INSTRUMENTOS E EQUIPAMENTOS DE LABORATÓRIO,"INSTRUMENTOS DE DESENHO, TOPOGRAFIA E CARTOGRAFIA",True,2021-10-16 09:17:13.045775,2026-08-08
507,6680,66,INSTRUMENTOS E EQUIPAMENTOS DE LABORATÓRIO,"INSTRUMENTOS PARA MEDIÇÃO DE FLUXO DE LÍQUIDO E  GÁS, NÍVEL DE LÍQUIDOS E DE MOVIMENTOS MECÂNICOS",True,2021-10-16 09:17:13.045775,2026-08-08
508,6685,66,INSTRUMENTOS E EQUIPAMENTOS DE LABORATÓRIO,"INSTRUMENTOS PARA MEDIÇÃO E CONTROLE DE PRESSÃO,TEMPERATURA E UMIDADE",True,2021-10-16 09:17:13.045775,2026-08-08
509,6695,66,INSTRUMENTOS E EQUIPAMENTOS DE LABORATÓRIO,INSTRUMENTOS COMBINADOS DIVERSOS,True,2021-10-16 09:17:13.045775,2026-08-08
510,6710,67,EQUIPAMENTOS FOTOGRÁFICOS,CÂMARAS CINEMATOGRÁFICAS,True,2021-10-16 09:17:13.045775,2026-08-08
511,6720,67,EQUIPAMENTOS FOTOGRÁFICOS,CÂMARAS FOTOGRÁFICAS,True,2021-10-16 09:17:13.045775,2026-08-08
512,6730,67,EQUIPAMENTOS FOTOGRÁFICOS,EQUIPAMENTO PARA PROJEÇÃO FOTOGRÁFICA,True,2021-10-16 09:17:13.045775,2026-08-08
513,6740,67,EQUIPAMENTOS FOTOGRÁFICOS,EQUIPAMENTO PARA REVELAÇÃO E ACABAMENTO FOTOGRÁFICO,True,2021-10-16 09:17:13.045775,2026-08-08
514,6750,67,EQUIPAMENTOS FOTOGRÁFICOS,SUPRIMENTOS FOTOGRÁFICOS,True,2021-10-16 09:17:13.045775,2026-08-08
515,6760,67,EQUIPAMENTOS FOTOGRÁFICOS,EQUIPAMENTO FOTOGRÁFICO E ACESSÓRIOS,True,2021-10-16 09:17:13.045775,2026-08-08
516,6770,67,EQUIPAMENTOS FOTOGRÁFICOS,FILMES REVELADOS,True,2021-10-16 09:17:13.045775,2026-08-08
517,6780,67,EQUIPAMENTOS FOTOGRÁFICOS,JOGOS E CONJUNTOS FOTOGRÁFICOS,True,2021-10-16 09:17:13.045775,2026-08-08
518,6810,68,SUBSTÂNCIAS E PRODUTOS QUÍMICOS,PRODUTOS QUÍMICOS,True,2021-10-16 09:17:13.045775,2026-08-08
519,6820,68,SUBSTÂNCIAS E PRODUTOS QUÍMICOS,CORANTES,True,2021-10-16 09:17:13.045775,2026-08-08
520,6830,68,SUBSTÂNCIAS E PRODUTOS QUÍMICOS,GASES COMPRIMIDOS E LIQUEFEITOS,True,2021-10-16 09:17:13.045775,2026-08-08
521,6840,68,SUBSTÂNCIAS E PRODUTOS QUÍMICOS,PESTICIDAS E DESINFETANTES,True,2021-10-16 09:17:13.045775,2026-08-08
522,6850,68,SUBSTÂNCIAS E PRODUTOS QUÍMICOS,ESPECIALIDADES QUÍMICAS DIVERSAS,True,2021-10-16 09:17:13.045775,2026-08-08
523,6910,69,APARELHOS E ACESSÓRIOS PARA TREINAMENTO,ACESSÓRIOS PARA TREINAMENTO,True,2021-10-16 09:17:13.045775,2026-08-08
524,6920,69,APARELHOS E ACESSÓRIOS PARA TREINAMENTO,ACESSÓRIOS PARA TREINAMENTO DE ARMAMENTO,True,2021-10-16 09:17:13.045775,2026-08-08
525,6930,69,APARELHOS E ACESSÓRIOS PARA TREINAMENTO,ACESSÓRIOS PARA TREINAMENTO OPERACIONAL,True,2021-10-16 09:17:13.045775,2026-08-08
526,6940,69,APARELHOS E ACESSÓRIOS PARA TREINAMENTO,ACESSÓRIOS PARA TREINAMENTO DE COMUNICAÇÕES,True,2021-10-16 09:17:13.045775,2026-08-08
527,7010,70,"INFORMÁTICA - EQUIPAMENTOS,  PEÇAS, ACESSÓRIOS E SUPRIMENTOSDE TIC",COMPUTADORES,True,2021-10-16 09:17:13.045775,2026-08-08
528,7020,70,"INFORMÁTICA - EQUIPAMENTOS,  PEÇAS, ACESSÓRIOS E SUPRIMENTOSDE TIC",IMPRESSORAS,True,2021-10-16 09:17:13.045775,2026-08-08
529,7021,70,"INFORMÁTICA - EQUIPAMENTOS,  PEÇAS, ACESSÓRIOS E SUPRIMENTOSDE TIC",UNIDADES CENTRAIS DE PROCESSAMENTO DIGITAIS,False,2021-10-16 09:17:13.045775,2026-08-08
530,7022,70,"INFORMÁTICA - EQUIPAMENTOS,  PEÇAS, ACESSÓRIOS E SUPRIMENTOSDE TIC",UNIDADES CENTRAIS DE PROCESSAMENTO HÍBRIDAS,False,2021-10-16 09:17:13.045775,2026-08-08
531,7025,70,"INFORMÁTICA - EQUIPAMENTOS,  PEÇAS, ACESSÓRIOS E SUPRIMENTOSDE TIC",UNIDADES DE ARMAZENAMENTO DE ENTRADA E SAÍDA DE DADOS,False,2021-10-16 09:17:13.045775,2026-08-08
532,7030,70,"INFORMÁTICA - EQUIPAMENTOS,  PEÇAS, ACESSÓRIOS E SUPRIMENTOSDE TIC",EQUIPAMENTOS DE ARMAZENAMENTO DE DADOS,True,2021-10-16 09:17:13.045775,2026-08-08
533,7035,70,"INFORMÁTICA - EQUIPAMENTOS,  PEÇAS, ACESSÓRIOS E SUPRIMENTOSDE TIC",EQUIPAMENTOS SUPORTES DE PROCESSAMENTO AUTOMÁTICO DE DADOS,False,2021-10-16 09:17:13.045775,2026-08-08
534,7040,70,"INFORMÁTICA - EQUIPAMENTOS,  PEÇAS, ACESSÓRIOS E SUPRIMENTOSDE TIC",EQUIPAMENTOS DE ENTRADA DE DADOS,True,2021-10-16 09:17:13.045775,2026-08-08
535,7042,70,"INFORMÁTICA - EQUIPAMENTOS,  PEÇAS, ACESSÓRIOS E SUPRIMENTOSDE TIC",DISPOSITIVOS PARA CONTROLE DE MINI E MICROCOMPUTADORES,False,2021-10-16 09:17:13.045775,2026-08-08
536,7045,70,"INFORMÁTICA - EQUIPAMENTOS,  PEÇAS, ACESSÓRIOS E SUPRIMENTOSDE TIC",ARTIGOS DIVERSOS PARA PROCESSAMENTO AUTOMÁTICO DE DADOS,False,2021-10-16 09:17:13.045775,2026-08-08
537,7050,70,"INFORMÁTICA - EQUIPAMENTOS,  PEÇAS, ACESSÓRIOS E SUPRIMENTOSDE TIC",EQUIPAMENTOS DE REDE DE TIC - LOCAL E REMOTA,True,2021-10-16 09:17:13.045775,2026-08-08
538,7060,70,"INFORMÁTICA - EQUIPAMENTOS,  PEÇAS, ACESSÓRIOS E SUPRIMENTOSDE TIC",PEÇAS E ACESSÓRIOS PARA COMPUTADORES,True,2021-10-16 09:17:13.045775,2026-08-08
539,7070,70,"INFORMÁTICA - EQUIPAMENTOS,  PEÇAS, ACESSÓRIOS E SUPRIMENTOSDE TIC",PEÇAS E ACESSÓRIOS PARA IMPRESSORAS,True,2021-10-16 09:17:13.045775,2026-08-08
540,7080,70,"INFORMÁTICA - EQUIPAMENTOS,  PEÇAS, ACESSÓRIOS E SUPRIMENTOSDE TIC","PEÇAS, ACESSÓRIOS E FERRAMENTAS PARA REDES DE TIC",True,2021-10-16 09:17:13.045775,2026-08-08
541,7090,70,"INFORMÁTICA - EQUIPAMENTOS,  PEÇAS, ACESSÓRIOS E SUPRIMENTOSDE TIC",SUPRIMENTOS DE INFORMÁTICA - TIC,True,2021-10-16 09:17:13.045775,2026-08-08
542,7095,70,"INFORMÁTICA - EQUIPAMENTOS,  PEÇAS, ACESSÓRIOS E SUPRIMENTOSDE TIC",UNIDADES PARA MANUSEIO DE CARTÕES,True,2021-10-16 09:17:13.045775,2026-08-08
543,7099,70,"INFORMÁTICA - EQUIPAMENTOS,  PEÇAS, ACESSÓRIOS E SUPRIMENTOSDE TIC",OUTROS,False,2021-10-16 09:17:13.045775,2026-08-08
544,7105,71,MOBILIÁRIOS,MOBILIÁRIO DOMÉSTICO,True,2021-10-16 09:17:13.045775,2026-08-08
545,7110,71,MOBILIÁRIOS,MOBILIÁRIO PARA ESCRITÓRIO,True,2021-10-16 09:17:13.045775,2026-08-08
546,7115,71,MOBILIÁRIOS,MOBILIARIOS ESCOLAR,False,2021-10-16 09:17:13.045775,2026-08-08
547,7125,71,MOBILIÁRIOS,ARMÁRIOS E ESTANTES,True,2021-10-16 09:17:13.045775,2026-08-08
548,7195,71,MOBILIÁRIOS,MOBILIÁRIOS DIVERSOS E ACESSÓRIOS,True,2021-10-16 09:17:13.045775,2026-08-08
549,7210,72,UTENSILIOS E UTILIDADES DE USO DOMESTICO E COMERCIAL,UTENSÍLIOS DOMÉSTICOS,True,2021-10-16 09:17:13.045775,2026-08-08
550,7220,72,UTENSILIOS E UTILIDADES DE USO DOMESTICO E COMERCIAL,REVESTIMENTOS PARA PISOS,True,2021-10-16 09:17:13.045775,2026-08-08
551,7230,72,UTENSILIOS E UTILIDADES DE USO DOMESTICO E COMERCIAL,"TAPEÇARIAS, CORTINAS E PERSIANAS",True,2021-10-16 09:17:13.045775,2026-08-08
552,7240,72,UTENSILIOS E UTILIDADES DE USO DOMESTICO E COMERCIAL,RECEPIENTES PARA USO DOMÉSTICO E COMERCIAL,True,2021-10-16 09:17:13.045775,2026-08-08
553,7290,72,UTENSILIOS E UTILIDADES DE USO DOMESTICO E COMERCIAL,UTENSÍLIOS COMERCIAIS E DOMÉSTICOS DIVERSOS,True,2021-10-16 09:17:13.045775,2026-08-08
554,7310,73,EQUIPAMENTOS PARA PREPARAR E SERVIR ALIMENTOS,"EQUIPAMENTOS PARA COZINHAR, ASSAR E SERVIR ALIMENTOS",True,2021-10-16 09:17:13.045775,2026-08-08
555,7320,73,EQUIPAMENTOS PARA PREPARAR E SERVIR ALIMENTOS,EQUIPAMENTOS E APARELHOS DE COZINHA,True,2021-10-16 09:17:13.045775,2026-08-08
556,7330,73,EQUIPAMENTOS PARA PREPARAR E SERVIR ALIMENTOS,UTENSÍLIOS E FERRAMENTAS MANUAIS DE COZINHA,True,2021-10-16 09:17:13.045775,2026-08-08
557,7340,73,EQUIPAMENTOS PARA PREPARAR E SERVIR ALIMENTOS,CUTELARIA E TALHERES,True,2021-10-16 09:17:13.045775,2026-08-08
558,7350,73,EQUIPAMENTOS PARA PREPARAR E SERVIR ALIMENTOS,LOUÇA E ARTIGOS DE MESA,True,2021-10-16 09:17:13.045775,2026-08-08
559,7360,73,EQUIPAMENTOS PARA PREPARAR E SERVIR ALIMENTOS,"JOGOS, CONJUNTOS  E  EQUIPAMENTOS PARA PREPARAR E SERVIR ALIMENTOS",True,2021-10-16 09:17:13.045775,2026-08-08
560,7420,74,"MÁQUINAS PARA ESCRITÓRIO, SISTEMAS DE PROCESSAMENTO DE  TEX-TO E FICHÁRIOS DE CLASSIFICAÇÃO VISÍVEL",MÁQUINAS DE CONTABILIDADE E DE CALCULAR,True,2021-10-16 09:17:13.045775,2026-08-08
561,7430,74,"MÁQUINAS PARA ESCRITÓRIO, SISTEMAS DE PROCESSAMENTO DE  TEX-TO E FICHÁRIOS DE CLASSIFICAÇÃO VISÍVEL",MÁQUINAS DE ESCREVER E DE COMPOSIÇÃO PARA ESCRITÓRIO,True,2021-10-16 09:17:13.045775,2026-08-08
562,7431,74,"MÁQUINAS PARA ESCRITÓRIO, SISTEMAS DE PROCESSAMENTO DE  TEX-TO E FICHÁRIOS DE CLASSIFICAÇÃO VISÍVEL",MAQUINAS DE REPROGRAFIA,False,2021-10-16 09:17:13.045775,2026-08-08
563,7435,74,"MÁQUINAS PARA ESCRITÓRIO, SISTEMAS DE PROCESSAMENTO DE  TEX-TO E FICHÁRIOS DE CLASSIFICAÇÃO VISÍVEL",EQUIPAMENTOS DE SISTEMAS DE INFORMAÇÕES PARA ESCRITÓRIO,True,2021-10-16 09:17:13.045775,2026-08-08
564,7450,74,"MÁQUINAS PARA ESCRITÓRIO, SISTEMAS DE PROCESSAMENTO DE  TEX-TO E FICHÁRIOS DE CLASSIFICAÇÃO VISÍVEL",MÁQUINAS DE GRAVAÇÃO E REPRODUÇÃO DE SOM PARA  USO  EM ESCRITÓRIO,True,2021-10-16 09:17:13.045775,2026-08-08
565,7460,74,"MÁQUINAS PARA ESCRITÓRIO, SISTEMAS DE PROCESSAMENTO DE  TEX-TO E FICHÁRIOS DE CLASSIFICAÇÃO VISÍVEL",ARQUIVOS VISUAIS,True,2021-10-16 09:17:13.045775,2026-08-08
566,7490,74,"MÁQUINAS PARA ESCRITÓRIO, SISTEMAS DE PROCESSAMENTO DE  TEX-TO E FICHÁRIOS DE CLASSIFICAÇÃO VISÍVEL",MÁQUINAS DIVERSAS PARA ESCRITÓRIO,True,2021-10-16 09:17:13.045775,2026-08-08
567,7510,75,UTENSÍLIOS DE ESCRITÓRIO E MATERIAL DE EXPEDIENTE,ARTIGOS PARA ESCRITÓRIO,True,2021-10-16 09:17:13.045775,2026-08-08
568,7520,75,UTENSÍLIOS DE ESCRITÓRIO E MATERIAL DE EXPEDIENTE,ACESSÓRIOS E DISPOSITIVOS PARA ESCRITÓRIO,True,2021-10-16 09:17:13.045775,2026-08-08
569,7530,75,UTENSÍLIOS DE ESCRITÓRIO E MATERIAL DE EXPEDIENTE,FORMULÁRIOS OFICIAIS,True,2021-10-16 09:17:13.045775,2026-08-08
570,7540,75,UTENSÍLIOS DE ESCRITÓRIO E MATERIAL DE EXPEDIENTE,FORMULÁRIOS PADRONIZADOS,True,2021-10-16 09:17:13.045775,2026-08-08
571,7610,76,"LIVROS, MAPAS E OUTRAS PUBLICAÇÕES",LIVROS E FOLHETOS,True,2021-10-16 09:17:13.045775,2026-08-08
572,7630,76,"LIVROS, MAPAS E OUTRAS PUBLICAÇÕES",JORNAIS E PERIÓDICOS,True,2021-10-16 09:17:13.045775,2026-08-08
573,7640,76,"LIVROS, MAPAS E OUTRAS PUBLICAÇÕES","MAPAS, CARTAS E GLOBOS GEOGRÁFICOS",True,2021-10-16 09:17:13.045775,2026-08-08
574,7641,76,"LIVROS, MAPAS E OUTRAS PUBLICAÇÕES","MAPAS AERONÁUTICOS, CARTAS E PRODUTOS GEODÉSICOS",True,2021-10-16 09:17:13.045775,2026-08-08
575,7642,76,"LIVROS, MAPAS E OUTRAS PUBLICAÇÕES","MAPAS HIDROGRÁFICOS, CARTAS E PRODUTOS GEODÉSICOS",True,2021-10-16 09:17:13.045775,2026-08-08
576,7643,76,"LIVROS, MAPAS E OUTRAS PUBLICAÇÕES","MAPAS TOPOGRÁFICOS, CARTAS E PRODUTOS GEODÉSICOS",True,2021-10-16 09:17:13.045775,2026-08-08
577,7644,76,"LIVROS, MAPAS E OUTRAS PUBLICAÇÕES","MAPAS DIGITAIS, CARTAS E PRODUTOS GEODÉSICOS",True,2021-10-16 09:17:13.045775,2026-08-08
578,7650,76,"LIVROS, MAPAS E OUTRAS PUBLICAÇÕES",DESENHOS E ESPECIFICAÇÕES,True,2021-10-16 09:17:13.045775,2026-08-08
579,7660,76,"LIVROS, MAPAS E OUTRAS PUBLICAÇÕES",FOLHAS E LIVROS DE MÚSICA,True,2021-10-16 09:17:13.045775,2026-08-08
580,7670,76,"LIVROS, MAPAS E OUTRAS PUBLICAÇÕES",MICROFILMES REVELADOS,True,2021-10-16 09:17:13.045775,2026-08-08
581,7690,76,"LIVROS, MAPAS E OUTRAS PUBLICAÇÕES",IMPRESSOS DIVERSOS,True,2021-10-16 09:17:13.045775,2026-08-08
582,7710,77,"INSTRUMENTOS MUSICAIS, FONÓGRAFOS E RÁDIOS DOMÉSTICOS",INSTRUMENTOS MUSICAIS,True,2021-10-16 09:17:13.045775,2026-08-08
583,7720,77,"INSTRUMENTOS MUSICAIS, FONÓGRAFOS E RÁDIOS DOMÉSTICOS",PEÇAS E ACESSÓRIOS DE INSTRUMENTOS MUSICAIS,True,2021-10-16 09:17:13.045775,2026-08-08
584,7730,77,"INSTRUMENTOS MUSICAIS, FONÓGRAFOS E RÁDIOS DOMÉSTICOS","FONÓGRAFOS, RÁDIOS E TELEVISORES DE TIPO DOMÉSTICO",True,2021-10-16 09:17:13.045775,2026-08-08
585,7740,77,"INSTRUMENTOS MUSICAIS, FONÓGRAFOS E RÁDIOS DOMÉSTICOS",DISCOS PARA FONÓGRAFO,True,2021-10-16 09:17:13.045775,2026-08-08
586,7810,78,EQUIPAMENTOS PARA RECREAÇÃO E DESPORTOS,EQUIPAMENTO PARA ATLETISMO E DESPORTO,True,2021-10-16 09:17:13.045775,2026-08-08
587,7820,78,EQUIPAMENTOS PARA RECREAÇÃO E DESPORTOS,"JOGOS, BRINQUEDOS E ARTIGOS CORRELATOS COM RODAS",True,2021-10-16 09:17:13.045775,2026-08-08
588,7830,78,EQUIPAMENTOS PARA RECREAÇÃO E DESPORTOS,EQUIPAMENTO PARA GINÁSTICA E RECREAÇÃO,True,2021-10-16 09:17:13.045775,2026-08-08
589,7910,79,EQUIPAMENTOS E MATERIAIS PARA LIMPEZA,ENCERADEIRAS E ASPIRADORES DE PÓ,True,2021-10-16 09:17:13.045775,2026-08-08
590,7920,79,EQUIPAMENTOS E MATERIAIS PARA LIMPEZA,"VASSOURAS, ESCOVAS, RODOS, ESPONJAS E ESFREGÕES",True,2021-10-16 09:17:13.045775,2026-08-08
591,7930,79,EQUIPAMENTOS E MATERIAIS PARA LIMPEZA,COMPOSTOS E PREPARADOS PARA LIMPEZA E POLIMENTO,True,2021-10-16 09:17:13.045775,2026-08-08
592,8010,80,"PINCÉIS, TINTAS, VEDANTES E ADESIVOS","TINTAS, VERNIZES E PRODUTOS CORRELATOS",True,2021-10-16 09:17:13.045775,2026-08-08
593,8020,80,"PINCÉIS, TINTAS, VEDANTES E ADESIVOS",PINCEL PARA ARTISTAS E PINTORES,True,2021-10-16 09:17:13.045775,2026-08-08
594,8030,80,"PINCÉIS, TINTAS, VEDANTES E ADESIVOS",COMPOSTOS PRESERVATIVOS E VEDANTES,True,2021-10-16 09:17:13.045775,2026-08-08
595,8040,80,"PINCÉIS, TINTAS, VEDANTES E ADESIVOS",ADESIVOS,True,2021-10-16 09:17:13.045775,2026-08-08
596,8105,81,RECIPIENTES E MATERIAIS PARA ACONDICIONAMENTO E EMBALAGEM,SACOS E BOLSAS,True,2021-10-16 09:17:13.045775,2026-08-08
597,8110,81,RECIPIENTES E MATERIAIS PARA ACONDICIONAMENTO E EMBALAGEM,TAMBORES E LATAS,True,2021-10-16 09:17:13.045775,2026-08-08
598,8115,81,RECIPIENTES E MATERIAIS PARA ACONDICIONAMENTO E EMBALAGEM,"CAIXAS, CAIXOTES E ENGRADADOS",True,2021-10-16 09:17:13.045775,2026-08-08
599,8120,81,RECIPIENTES E MATERIAIS PARA ACONDICIONAMENTO E EMBALAGEM,CILINDROS COMERCIAIS E INDUSTRIAIS PARA GASES,True,2021-10-16 09:17:13.045775,2026-08-08
600,8125,81,RECIPIENTES E MATERIAIS PARA ACONDICIONAMENTO E EMBALAGEM,GARRAFAS E JARROS,True,2021-10-16 09:17:13.045775,2026-08-08
601,8130,81,RECIPIENTES E MATERIAIS PARA ACONDICIONAMENTO E EMBALAGEM,CARRETÉIS E BOBINAS,True,2021-10-16 09:17:13.045775,2026-08-08
602,8135,81,RECIPIENTES E MATERIAIS PARA ACONDICIONAMENTO E EMBALAGEM,MATERIAIS A GRANEL PARA ACONDICIONAMENTO E EMBALAGEM,True,2021-10-16 09:17:13.045775,2026-08-08
603,8140,81,RECIPIENTES E MATERIAIS PARA ACONDICIONAMENTO E EMBALAGEM,"CAIXAS, RECIPIENTES E EMBALAGENS  ESPECIAIS  PARA ARMAMENTO NUCLEAR E MUNIÇÃO",True,2021-10-16 09:17:13.045775,2026-08-08
604,8145,81,RECIPIENTES E MATERIAIS PARA ACONDICIONAMENTO E EMBALAGEM,RECIPIENTES ESPECIALIZADOS PARA TRANSPORTE E ARMAZENAGEM,True,2021-10-16 09:17:13.045775,2026-08-08
605,8305,83,"TECIDOS, COUROS, PELES, AVIAMENTOS, BARRACAS E BANDEIRAS",TECIDOS,True,2021-10-16 09:17:13.045775,2026-08-08
606,8310,83,"TECIDOS, COUROS, PELES, AVIAMENTOS, BARRACAS E BANDEIRAS",FIOS E LINHAS,True,2021-10-16 09:17:13.045775,2026-08-08
607,8315,83,"TECIDOS, COUROS, PELES, AVIAMENTOS, BARRACAS E BANDEIRAS",MIUDEZAS E AVIAMENTOS PARA COSTURA,True,2021-10-16 09:17:13.045775,2026-08-08
608,8320,83,"TECIDOS, COUROS, PELES, AVIAMENTOS, BARRACAS E BANDEIRAS",MATERIAIS PARA ESTOFAMENTO E ACOLCHOAMENTO,True,2021-10-16 09:17:13.045775,2026-08-08
609,8325,83,"TECIDOS, COUROS, PELES, AVIAMENTOS, BARRACAS E BANDEIRAS",PELES,True,2021-10-16 09:17:13.045775,2026-08-08
610,8330,83,"TECIDOS, COUROS, PELES, AVIAMENTOS, BARRACAS E BANDEIRAS",COUROS,True,2021-10-16 09:17:13.045775,2026-08-08
611,8335,83,"TECIDOS, COUROS, PELES, AVIAMENTOS, BARRACAS E BANDEIRAS",MATERIAIS PARA CALÇADOS,True,2021-10-16 09:17:13.045775,2026-08-08
612,8340,83,"TECIDOS, COUROS, PELES, AVIAMENTOS, BARRACAS E BANDEIRAS",BARRACAS E ENCERADOS,True,2021-10-16 09:17:13.045775,2026-08-08
613,8345,83,"TECIDOS, COUROS, PELES, AVIAMENTOS, BARRACAS E BANDEIRAS","BANDEIRAS, FLAMULAS E PAVILHOES",True,2021-10-16 09:17:13.045775,2026-08-08
614,8405,84,"VESTUÁRIOS, EQUIPAMENTOS INDIVIDUAIS E INSÍGNIAS",VESTUÁRIO EXTERNO MASCULINO,True,2021-10-16 09:17:13.045775,2026-08-08
615,8410,84,"VESTUÁRIOS, EQUIPAMENTOS INDIVIDUAIS E INSÍGNIAS",VESTUÁRIO EXTERNO FEMININO,True,2021-10-16 09:17:13.045775,2026-08-08
616,8415,84,"VESTUÁRIOS, EQUIPAMENTOS INDIVIDUAIS E INSÍGNIAS",VESTUÁRIO PARA FINS ESPECIAIS,True,2021-10-16 09:17:13.045775,2026-08-08
617,8420,84,"VESTUÁRIOS, EQUIPAMENTOS INDIVIDUAIS E INSÍGNIAS","ROUPAS ÍNTIMAS E PARA DORMIR, MASCULINAS",True,2021-10-16 09:17:13.045775,2026-08-08
618,8425,84,"VESTUÁRIOS, EQUIPAMENTOS INDIVIDUAIS E INSÍGNIAS","ROUPAS ÍNTIMAS E PARA DORMIR, FEMININAS",True,2021-10-16 09:17:13.045775,2026-08-08
619,8430,84,"VESTUÁRIOS, EQUIPAMENTOS INDIVIDUAIS E INSÍGNIAS",CALÇADOS MASCULINOS,True,2021-10-16 09:17:13.045775,2026-08-08
620,8435,84,"VESTUÁRIOS, EQUIPAMENTOS INDIVIDUAIS E INSÍGNIAS",CALÇADOS FEMININOS,True,2021-10-16 09:17:13.045775,2026-08-08
621,8440,84,"VESTUÁRIOS, EQUIPAMENTOS INDIVIDUAIS E INSÍGNIAS","MEIAS, LUVAS E OUTROS COMPLEMENTOS DO VESTUARIO MASCULINO",True,2021-10-16 09:17:13.045775,2026-08-08
622,8445,84,"VESTUÁRIOS, EQUIPAMENTOS INDIVIDUAIS E INSÍGNIAS","MEIAS, LUVAS E OUTROS COMPLEMENTOS DO VESTUÁRIO FEMININO",True,2021-10-16 09:17:13.045775,2026-08-08
623,8450,84,"VESTUÁRIOS, EQUIPAMENTOS INDIVIDUAIS E INSÍGNIAS",VESTUÁRIO INFANTO-JUVENIL E COMPLEMENTOS,True,2021-10-16 09:17:13.045775,2026-08-08
624,8455,84,"VESTUÁRIOS, EQUIPAMENTOS INDIVIDUAIS E INSÍGNIAS",DISTINTIVOS E INSÍGNIAS,True,2021-10-16 09:17:13.045775,2026-08-08
625,8460,84,"VESTUÁRIOS, EQUIPAMENTOS INDIVIDUAIS E INSÍGNIAS",BAGAGENS,True,2021-10-16 09:17:13.045775,2026-08-08
626,8465,84,"VESTUÁRIOS, EQUIPAMENTOS INDIVIDUAIS E INSÍGNIAS",EQUIPAMENTOS INDIVIDUAIS,True,2021-10-16 09:17:13.045775,2026-08-08
627,8470,84,"VESTUÁRIOS, EQUIPAMENTOS INDIVIDUAIS E INSÍGNIAS",ROUPAS DE PROTEÇÃO CONTRA PROJÉTEIS,True,2021-10-16 09:17:13.045775,2026-08-08
628,8475,84,"VESTUÁRIOS, EQUIPAMENTOS INDIVIDUAIS E INSÍGNIAS",VESTUÁRIO ESPECIALIZADO PARA VÔO E ACESSÓRIOS,True,2021-10-16 09:17:13.045775,2026-08-08
629,8510,85,ARTIGOS DE HIGIENE,"PERFUMES, ARTIGOS PARA TOALETE E TOUCADOR",True,2021-10-16 09:17:13.045775,2026-08-08
630,8520,85,ARTIGOS DE HIGIENE,"SABONETES, ARTIGOS PARA BARBEAR E DENTIFRÍCIOS",True,2021-10-16 09:17:13.045775,2026-08-08
631,8530,85,ARTIGOS DE HIGIENE,ARTIGOS PARA HIGIENE PESSOAL,True,2021-10-16 09:17:13.045775,2026-08-08
632,8540,85,ARTIGOS DE HIGIENE,ARTIGOS DE PAPEL PARA HIGIENE,True,2021-10-16 09:17:13.045775,2026-08-08
633,8710,87,SUPRIMENTOS AGRÍCOLAS,FORRAGENS E ALIMENTOS,True,2021-10-16 09:17:13.045775,2026-08-08
634,8720,87,SUPRIMENTOS AGRÍCOLAS,FERTILIZANTES,True,2021-10-16 09:17:13.045775,2026-08-08
635,8730,87,SUPRIMENTOS AGRÍCOLAS,SEMENTES E MUDAS DE PLANTAS,True,2021-10-16 09:17:13.045775,2026-08-08
636,8810,88,ANIMAIS VIVOS,"ANIMAIS VIVOS, CRIADOS PARA ALIMENTAÇÃO",True,2021-10-16 09:17:13.045775,2026-08-08
637,8820,88,ANIMAIS VIVOS,"ANIMAIS VIVOS, NÃO CRIADOS PARA ALIMENTAÇÃO",True,2021-10-16 09:17:13.045775,2026-08-08
638,8905,89,SUBSISTÊNCIA,"CARNES, AVES E PEIXES",True,2021-10-16 09:17:13.045775,2026-08-08
639,8910,89,SUBSISTÊNCIA,OVOS E LATICÍNIOS,True,2021-10-16 09:17:13.045775,2026-08-08
640,8915,89,SUBSISTÊNCIA,"FRUTAS, VERDURAS E LEGUMES",True,2021-10-16 09:17:13.045775,2026-08-08
641,8920,89,SUBSISTÊNCIA,PRODUTOS DE PANIFICAÇÃO E CEREAIS,True,2021-10-16 09:17:13.045775,2026-08-08
642,8925,89,SUBSISTÊNCIA,"AÇÚCAR, CONFEITOS, CASTANHAS, NOZES E SIMILARES",True,2021-10-16 09:17:13.045775,2026-08-08
643,8930,89,SUBSISTÊNCIA,"GELEIAS, CONSERVAS E GELATINAS",True,2021-10-16 09:17:13.045775,2026-08-08
644,8935,89,SUBSISTÊNCIA,SOPAS E CALDOS,True,2021-10-16 09:17:13.045775,2026-08-08
645,8940,89,SUBSISTÊNCIA,ALIMENTOS ESPECIAIS DIETÉTICOS E PREPARADOS ALIMENTÍCIOS,True,2021-10-16 09:17:13.045775,2026-08-08
646,8945,89,SUBSISTÊNCIA,ÓLEOS E GORDURAS COMESTÍVEIS,True,2021-10-16 09:17:13.045775,2026-08-08
647,8950,89,SUBSISTÊNCIA,CONDIMENTOS E PRODUTOS CORRELATOS,True,2021-10-16 09:17:13.045775,2026-08-08
648,8955,89,SUBSISTÊNCIA,"CAFÉ, CHÁ E CHOCOLATE",True,2021-10-16 09:17:13.045775,2026-08-08
649,8960,89,SUBSISTÊNCIA,BEBIDAS NÃO ALCOÓLICAS,True,2021-10-16 09:17:13.045775,2026-08-08
650,8965,89,SUBSISTÊNCIA,BEBIDAS ALCOÓLICAS,True,2021-10-16 09:17:13.045775,2026-08-08
651,8970,89,SUBSISTÊNCIA,RAÇÕES EMBALADAS,True,2021-10-16 09:17:13.045775,2026-08-08
652,8975,89,SUBSISTÊNCIA,PRODUTOS DE TABACO,True,2021-10-16 09:17:13.045775,2026-08-08
653,9110,91,"COMBUSTÍVEIS, LUBRIFICANTES, ÓLEOS E CERAS",COMBUSTÍVEIS SÓLIDOS,True,2021-10-16 09:17:13.045775,2026-08-08
654,9130,91,"COMBUSTÍVEIS, LUBRIFICANTES, ÓLEOS E CERAS",COMBUSTÍVEIS E PROPELENTES LÍQUIDOS À BASE DE PETRÓLEO,True,2021-10-16 09:17:13.045775,2026-08-08
655,9135,91,"COMBUSTÍVEIS, LUBRIFICANTES, ÓLEOS E CERAS",COMBUSTÍVEIS PROPELENTES LÍQUIDOS E OXIDANTES Á BASE QUÍMICA,True,2021-10-16 09:17:13.045775,2026-08-08
656,9140,91,"COMBUSTÍVEIS, LUBRIFICANTES, ÓLEOS E CERAS",ÓLEOS COMBUSTÍVEIS,True,2021-10-16 09:17:13.045775,2026-08-08
657,9150,91,"COMBUSTÍVEIS, LUBRIFICANTES, ÓLEOS E CERAS","ÓLEOS E GRAXAS PARA CORTE, LUBRIFICAÇÃO E SISTEMAS  HIDRÁULICOS",True,2021-10-16 09:17:13.045775,2026-08-08
658,9160,91,"COMBUSTÍVEIS, LUBRIFICANTES, ÓLEOS E CERAS","CERAS, ÓLEOS E GORDURAS DIVERSOS",True,2021-10-16 09:17:13.045775,2026-08-08
659,9310,93,"MATERIAIS MANUFATURADOS, NÃO METÁLICOS",PAPÉIS E PAPELÕES,True,2021-10-16 09:17:13.045775,2026-08-08
660,9320,93,"MATERIAIS MANUFATURADOS, NÃO METÁLICOS",ARTIGOS DE BORRACHA,True,2021-10-16 09:17:13.045775,2026-08-08
661,9330,93,"MATERIAIS MANUFATURADOS, NÃO METÁLICOS",ARTIGOS DE PLÁSTICO,True,2021-10-16 09:17:13.045775,2026-08-08
662,9340,93,"MATERIAIS MANUFATURADOS, NÃO METÁLICOS",ARTIGOS DE VIDRO,True,2021-10-16 09:17:13.045775,2026-08-08
663,9350,93,"MATERIAIS MANUFATURADOS, NÃO METÁLICOS",MATERIAIS REFRATÁRIOS E DE ACABAMENTO SUPERFICIAL CONTRA  FOGO,True,2021-10-16 09:17:13.045775,2026-08-08
664,9390,93,"MATERIAIS MANUFATURADOS, NÃO METÁLICOS",PRODUTOS DIVERSOS NÃO METÁLICOS,True,2021-10-16 09:17:13.045775,2026-08-08
665,9410,94,MATÉRIAS-PRIMAS NAO METÁLICAS,MATÉRIAS-PRIMAS DE ORIGEM VEGETAL,True,2021-10-16 09:17:13.045775,2026-08-08
666,9420,94,MATÉRIAS-PRIMAS NAO METÁLICAS,"FIBRAS VEGETAIS, ANIMAIS E SINTÉTICAS",True,2021-10-16 09:17:13.045775,2026-08-08
667,9430,94,MATÉRIAS-PRIMAS NAO METÁLICAS,"MATÉRIAS-PRIMAS DIVERSAS DE ORIGEM ANIMAL, NÃO COMESTÍVEIS",True,2021-10-16 09:17:13.045775,2026-08-08
668,9440,94,MATÉRIAS-PRIMAS NAO METÁLICAS,"MATÉRIAS-PRIMAS DIVERSAS, FLORESTAIS E AGRÍCOLAS",True,2021-10-16 09:17:13.045775,2026-08-08
669,9450,94,MATÉRIAS-PRIMAS NAO METÁLICAS,"RESÍDUOS NAO METÁLICOS, EXCETO OS TÊXTEIS",True,2021-10-16 09:17:13.045775,2026-08-08
670,9505,95,"BARRAS, CHAPAS E PERFILADOS METÁLICOS","ARAMES DE FERRO E DE AÇO, NÃO UTILIZÁVEIS EM ELETRICIDADE",True,2021-10-16 09:17:13.045775,2026-08-08
671,9510,95,"BARRAS, CHAPAS E PERFILADOS METÁLICOS",BARRAS E VERGALHÕES DE FERRO E DE AÇO,True,2021-10-16 09:17:13.045775,2026-08-08
672,9515,95,"BARRAS, CHAPAS E PERFILADOS METÁLICOS","PLACAS, CHAPAS, FITAS E LAMINADOS FINOS DE FERRO E DE AÇO",True,2021-10-16 09:17:13.045775,2026-08-08
673,9520,95,"BARRAS, CHAPAS E PERFILADOS METÁLICOS",PERFIS ESTRUTURAIS DE FERRO E AÇO,True,2021-10-16 09:17:13.045775,2026-08-08
674,9525,95,"BARRAS, CHAPAS E PERFILADOS METÁLICOS","ARAMES DE METAL NÃO FERROSO, NÃO UTILIZÁVEIS EM ELETRICIDADE",True,2021-10-16 09:17:13.045775,2026-08-08
675,9530,95,"BARRAS, CHAPAS E PERFILADOS METÁLICOS",BARRAS E VERGALHÕES DE METAIS NÃO FERROSOS,True,2021-10-16 09:17:13.045775,2026-08-08
676,9535,95,"BARRAS, CHAPAS E PERFILADOS METÁLICOS","PLACAS, CHAPAS, FITAS E LAMINADOS FINOS DE METAIS NÃO  FERROSOS",True,2021-10-16 09:17:13.045775,2026-08-08
677,9540,95,"BARRAS, CHAPAS E PERFILADOS METÁLICOS",PERFIS ESTRUTURAIS DE METAIS NÃO FERROSOS,True,2021-10-16 09:17:13.045775,2026-08-08
678,9545,95,"BARRAS, CHAPAS E PERFILADOS METÁLICOS","PLACAS, CHAPAS, FITAS E LAMINADOS FINOS DE METAIS PRECIOSOS",True,2021-10-16 09:17:13.045775,2026-08-08
679,9610,96,"MINÉRIOS, MINERAIS E SEUS PRODUTOS PRIMÁRIOS",MINÉRIOS,True,2021-10-16 09:17:13.045775,2026-08-08
680,9620,96,"MINÉRIOS, MINERAIS E SEUS PRODUTOS PRIMÁRIOS",MINERAIS NATURAIS E SINTÉTICOS,True,2021-10-16 09:17:13.045775,2026-08-08
681,9630,96,"MINÉRIOS, MINERAIS E SEUS PRODUTOS PRIMÁRIOS",ADITIVOS METÁLICOS E LIGAS BÁSICAS,True,2021-10-16 09:17:13.045775,2026-08-08
682,9640,96,"MINÉRIOS, MINERAIS E SEUS PRODUTOS PRIMÁRIOS",PRODUTOS SEMI-ACABADOS E PRODUTOS PRIMÁRIOS DE  FERRO  E DE AÇO,True,2021-10-16 09:17:13.045775,2026-08-08
683,9650,96,"MINÉRIOS, MINERAIS E SEUS PRODUTOS PRIMÁRIOS",REFINADOS E PRODUTOS SEMI-ACABADOS DE  METAIS  BÁSICOS  NÃO FERROSOS,True,2021-10-16 09:17:13.045775,2026-08-08
684,9660,96,"MINÉRIOS, MINERAIS E SEUS PRODUTOS PRIMÁRIOS",METAIS PRECIOSOS EM SUAS FORMAS PRIMÁRIAS,True,2021-10-16 09:17:13.045775,2026-08-08
685,9670,96,"MINÉRIOS, MINERAIS E SEUS PRODUTOS PRIMÁRIOS",SUCATA DE FERRO E DE AÇO,True,2021-10-16 09:17:13.045775,2026-08-08
686,9680,96,"MINÉRIOS, MINERAIS E SEUS PRODUTOS PRIMÁRIOS",SUCATA DE METAIS NÃO FERROSOS,True,2021-10-16 09:17:13.045775,2026-08-08
687,9905,99,DIVERSOS,"CARTAZES, MOSTRUÁRIOS E PLACAS DE IDENTIFICAÇÃO",True,2021-10-16 09:17:13.045775,2026-08-08
688,9910,99,DIVERSOS,ARTIGOS DE JOALHERIA,True,2021-10-16 09:17:13.045775,2026-08-08
689,9915,99,DIVERSOS,ARTIGOS PARA COLECIONADORES E/OU HISTÓRICOS,True,2021-10-16 09:17:13.045775,2026-08-08
690,9920,99,DIVERSOS,ARTIGOS PARA FUMANTES,True,2021-10-16 09:17:13.045775,2026-08-08
691,9925,99,DIVERSOS,EQUIPAMENTOS E ARTIGOS RELIGIOSOS,True,2021-10-16 09:17:13.045775,2026-08-08
692,9930,99,DIVERSOS,EQUIPAMENTOS E ARTIGOS MORTUÁRIOS E DE CEMITÉRIO,True,2021-10-16 09:17:13.045775,2026-08-08
693,9998,99,DIVERSOS,SERVICO,True,2021-10-16 09:17:13.045775,2026-08-08
694,9999,99,DIVERSOS,ITENS DIVERSOS,True,2021-10-16 09:17:13.045775,2026-08-08
695,9997,99,DIVERSOS,PEDIDOS DE CATALOGAÇÃO DO ESTADO DE SÃO PAULO - PARA USO EXCLUSIVO DO ESTADO DE SÃO PAULO,True,2024-04-17 02:59:59.565708,2026-08-08
696,1365,13,MUNIÇÕES E EXPLOSIVOS,PRODUTOS QUIMICOS DE USO MILITAR,True,2021-10-16 09:17:13.045775,2026-08-08
697,3440,34,MAQUINAS PARA TRABALHO EM METAIS,MATERIAIS E EQUIPAMENTOS PARA FUNDICAO,False,2021-10-16 09:17:13.045775,2026-08-08
698,3760,37,MÁQUINAS E EQUIPAMENTOS AGRÍCOLAS,VEICULOS DE TRACAO ANIMAL E REBOQUES PARA USO AGRICOLA,False,2021-10-16 09:17:13.045775,2026-08-08
699,6034,60,"MATERIAIS, COMPONENTES, CONJUNTOS E ACESSÓRIOS DE FIBRAS  Ó-TICAS",MODULADORES E DEMODULADORES DE FIBRA OTICA,True,2021-10-16 09:17:13.045775,2026-08-08
700,6440,64,"MEDICAMENTOS, DROGAS E PRODUTOS BIOLOGICOS",MEDICAMENTOS PARA IMUNOTERAPIA E ALERGIA,False,2021-10-16 09:17:13.045775,2026-08-08
701,6475,64,"MEDICAMENTOS, DROGAS E PRODUTOS BIOLOGICOS",PRODUTOS QUIMICOS,False,2021-10-16 09:17:13.045775,2026-08-08
702,6555,65,"EQUIPAMENTOS E ARTIGOS PARA USO MÉDICO, DENTÁRIO E VETERINÁRIO",JOGOS E CONJUNTOS MEDICOS,False,2021-10-16 09:17:13.045775,2026-08-08
703,7005,70,"INFORMÁTICA - EQUIPAMENTOS,  PEÇAS, ACESSÓRIOS E SUPRIMENTOSDE TIC",EQUIPAMENTOS DE ENTRADA E SAIDA DE DADOS,False,2021-10-16 09:17:13.045775,2026-08-08
704,7015,70,"INFORMÁTICA - EQUIPAMENTOS,  PEÇAS, ACESSÓRIOS E SUPRIMENTOSDE TIC",EQUIPAMENTOS DE APOIO,False,2021-10-16 09:17:13.045775,2026-08-08
705,7425,74,"MÁQUINAS PARA ESCRITÓRIO, SISTEMAS DE PROCESSAMENTO DE  TEX-TO E FICHÁRIOS DE CLASSIFICAÇÃO VISÍVEL",MAQUINAS DE FOTOCOPIAS,False,2021-10-16 09:17:13.045775,2026-08-08
706,7120,71,MOBILIÁRIOS,ESTANTES E ARMACOES PARA ALMOXARIFADOS,False,2021-10-16 09:17:13.045775,2026-08-08
707,7432,74,"MÁQUINAS PARA ESCRITÓRIO, SISTEMAS DE PROCESSAMENTO DE  TEX-TO E FICHÁRIOS DE CLASSIFICAÇÃO VISÍVEL",MAQUINAS DE REPROGRAFIA,False,2021-10-16 09:17:13.045775,2026-08-08
708,2315,23,VEíCULOS,VEICULOS DE SERVICOS ESPECIAIS,False,2021-10-16 09:17:13.045775,2026-08-08
709,6040,60,"MATERIAIS, COMPONENTES, CONJUNTOS E ACESSÓRIOS DE FIBRAS  Ó-TICAS",SENSORES DE FIBRA OTICA,False,2021-10-16 09:17:13.045775,2026-08-08
710,6460,64,"MEDICAMENTOS, DROGAS E PRODUTOS BIOLOGICOS",MEDICAMENTOS PARA AGENTES DIAGNOSTICOS,False,2021-10-16 09:17:13.045775,2026-08-08
