cod_dtm,tr1,pscore_tr1,tr2r2,pscore_tr2r2,weight,region
31,1.0,0.42611057,1.0,0.482185,882.7114,1.0
47,,0.567043,,0.6054854,1235.3888,1.0
86,0.0,0.64841896,0.0,0.60767096,1190.9109,1.0
130,,0.43869138,0.0,0.5769751,312.67328,1.0
138,,0.117668234,0.0,0.27465203,583.7276,1.0
184,,0.31760582,,0.41691118,760.05066,1.0
334,,0.6157304,0.0,0.7621867,1330.3951,1.0
379,1.0,0.42180377,1.0,0.27148542,627.74255,1.0
397,,0.21978335,,0.32409447,8688.484,1.0
781,,0.25654137,1.0,0.36748695,471.0727,1.0
505,,0.80959505,,0.8023124,666.1438,2.0
820,,0.17664531,1.0,0.22314395,796.54517,1.0
588,,0.41246933,,0.15621406,4226.7793,1.0
618,,0.099020936,0.0,0.3202787,1645.8584,1.0
830,,0.18600485,,0.45364138,1267.2968,1.0
658,0.0,0.054557547,0.0,0.41097206,1106.096,1.0
667,,0.5687188,1.0,0.730008,178.95097,1.0
674,,0.20078714,,0.28178415,9124.156,1.0
688,,0.39134976,,0.60750985,753.932,1.0
693,0.0,0.5500011,0.0,0.72193426,629.04144,1.0
727,,0.62395614,1.0,0.71976364,272.80533,1.0
739,,0.71783906,,0.85733837,412.96817,1.0
842,,0.09734188,,0.37666854,434.5962,1.0
1499,,,1.0,,293.9335,1.0
857,,0.2038986,,0.4592536,276.01175,1.0
882,,0.17248414,,0.5428357,703.6598,1.0
905,0.0,0.03846011,0.0,0.044445667,1710.1243,1.0
934,,0.43524823,1.0,0.4861609,381.72455,1.0
950,,0.8306357,,0.91649276,239.3762,1.0
952,,0.9072928,,0.81367093,636.8563,1.0
982,,0.19637282,1.0,0.15594444,129.04105,1.0
1008,,0.50025225,,0.4875204,56.22738,1.0
1009,,0.19660161,1.0,0.15634505,120.01342,1.0
1070,0.0,0.060127333,0.0,0.1489728,254.99886,1.0
1503,,0.67386836,,0.5926808,467.0116,1.0
1092,,0.52626115,1.0,0.41726872,297.9831,1.0
1097,,0.38000822,,0.30236492,83.83172,1.0
1127,,0.38133594,,0.2730055,320.75256,1.0
1166,,0.67113006,,0.585951,148.89311,1.0
1304,,0.18780755,,0.22925419,810.50305,1.0
1319,,0.40235353,,0.09185514,241.80234,1.0
1326,,0.22822993,,0.27347246,448.65674,1.0
1327,,0.250465,,0.21947844,520.838,1.0
1357,1.0,0.13676044,1.0,0.18166493,1325.765,1.0
1448,,0.40081826,,0.5150343,431.8247,1.0
1462,,0.5257108,,0.6433408,946.0278,1.0
1525,,0.25793537,1.0,0.7679796,217.29031,1.0
1592,,0.16417491,,0.16211036,5729.9907,1.0
1601,1.0,0.6611592,1.0,0.8925451,86.73771,1.0
1629,,0.63824844,,0.814405,547.4271,1.0
1639,,0.40251088,,0.7128053,190.02693,1.0
1645,0.0,0.25007582,0.0,0.68651485,455.53537,1.0
1706,1.0,0.5323096,1.0,0.8140009,1605.6763,1.0
1774,,0.3429134,,0.43435925,89.2288,1.0
1786,1.0,0.53095925,1.0,0.801819,713.34607,1.0
1803,,0.63841635,1.0,0.82713443,868.78656,1.0
1827,1.0,0.64835876,1.0,0.8172754,984.4697,1.0
1889,,0.7368679,1.0,0.92018515,581.50433,1.0
1890,,0.7821306,,0.9176552,585.95374,1.0
1904,,0.5462492,,0.67281634,1421.262,1.0
1928,,0.111067966,,0.33507335,918.86176,1.0
1974,,0.22438504,,0.3596859,683.52203,1.0
1982,,0.49266124,,0.5556624,737.6894,1.0
2007,,0.5554521,0.0,0.28045842,169.21855,1.0
2021,,0.5484357,,0.26932257,88.05283,1.0
2028,,0.6911122,,0.39624473,348.12024,1.0
2050,,0.73507667,,0.5661104,88.26529,5.0
2136,0.0,0.77205545,0.0,0.41288412,870.0136,1.0
2142,,0.6166122,0.0,0.23791185,9587.453,1.0
2219,,0.11442353,,0.27130345,312.8062,1.0
2258,,0.08270024,,0.37700924,514.80725,1.0
2310,,0.06501885,,0.29225475,2188.526,1.0
2313,,0.40208375,1.0,0.6798345,683.03485,1.0
2359,,0.026722873,,0.28309652,2513.9,1.0
2376,0.0,0.020532325,0.0,0.17215286,1157.0449,1.0
2377,0.0,0.03565541,0.0,0.3256185,1625.0096,1.0
2449,1.0,0.6556286,1.0,0.366034,422.37582,2.0
2453,,0.39642182,,0.2033073,524.2888,2.0
2459,,0.5535205,,0.1592967,844.1096,2.0
2468,,0.53361756,,0.042613972,653.4297,2.0
2477,,0.5835419,,0.54422975,2485.02,2.0
2498,,0.45860425,,0.27787498,735.42487,2.0
2527,,0.7912578,,0.72578186,1986.3696,2.0
2599,1.0,0.36099884,1.0,0.5527896,451.35397,2.0
2664,,0.5890551,,0.81581724,2582.142,2.0
2686,,0.68733895,,0.8144159,1459.9128,2.0
2695,,0.41125324,1.0,0.57877046,285.95728,2.0
2717,,0.099909514,1.0,0.44827762,1279.7031,2.0
2721,,0.24581817,0.0,0.44375163,371.2126,2.0
2736,0.0,0.4994053,0.0,0.77189726,653.0807,2.0
2763,,0.140365,0.0,0.6421465,953.0171,2.0
2765,,0.07824108,,0.37238398,6157.9395,2.0
2777,,0.16376227,,0.32972792,3619.228,2.0
2783,1.0,0.73305106,1.0,0.90383714,793.8685,2.0
2784,1.0,0.73102415,1.0,0.91605306,988.88306,2.0
2803,,0.31275043,,0.6357043,1885.0056,2.0
2814,,0.31957,,0.4618453,1268.7162,2.0
2815,,0.11196609,,0.23552763,891.6284,2.0
2819,0.0,0.1645143,0.0,0.2901499,865.24664,2.0
2881,,0.6820494,0.0,0.7162163,624.761,2.0
2892,1.0,0.55055887,1.0,0.7042091,621.757,2.0
2944,,0.81925654,,0.17832693,283.20883,2.0
2955,,0.78341794,,0.7636334,1208.3275,2.0
2965,,0.2512034,,0.24062778,14334.701,2.0
2985,,0.60523987,0.0,0.50469935,331.3446,2.0
2996,,0.6851853,1.0,0.5700421,580.7222,2.0
3013,1.0,0.5875282,1.0,0.4468215,9036.516,2.0
3016,,0.9069983,,0.77321947,604.5569,2.0
3019,0.0,0.6397786,0.0,0.5317798,711.86017,2.0
3023,1.0,0.80040604,1.0,0.7062175,368.77948,2.0
3064,,0.73881906,,0.5893557,1372.5238,2.0
3078,,0.67598766,0.0,0.50995344,652.49066,2.0
3101,,0.49886432,,0.60335124,732.411,2.0
3109,,0.7820585,1.0,0.6788884,1206.3347,2.0
3119,,0.3609804,,0.5061702,2330.6794,2.0
3145,,0.57065034,1.0,0.61583304,1239.7222,2.0
3163,,0.7203243,0.0,0.66106296,6046.158,2.0
3206,1.0,0.34778944,1.0,0.713041,465.16458,2.0
3252,,0.15089871,,0.17368867,1440.0269,2.0
3257,,0.08366899,,0.19125785,1677.2645,2.0
3782,,0.12331907,0.0,0.20982611,7009.173,2.0
3287,,0.32008228,,0.3635889,2519.218,2.0
3288,,0.47089818,,0.51001346,2047.8335,2.0
3293,,0.5704462,0.0,0.49771345,2280.8677,2.0
3306,,0.42952964,,0.40490502,1236.7924,2.0
3327,,0.44338664,,0.38015413,1921.7107,2.0
3337,,0.76782006,0.0,0.6616775,1115.1041,2.0
3416,,0.38590148,,0.45722273,7243.9473,2.0
3441,,0.14907637,,0.40594894,2467.3145,2.0
3452,,0.44131368,,0.7135278,1499.4525,2.0
3455,1.0,0.6212452,1.0,0.8078262,1226.2263,2.0
3463,,0.43238235,,0.5480745,3013.9343,2.0
3519,,0.10962542,,0.5154968,1406.6952,2.0
3613,,0.700067,,0.5326756,1933.1599,2.0
3618,1.0,0.78954405,1.0,0.65304375,318.94247,2.0
3637,,0.7846496,,0.57352424,4417.3037,2.0
3657,,0.5542819,,0.8675213,2388.4875,2.0
3683,,0.24022669,,0.72175294,471.8307,2.0
3685,1.0,0.30585918,1.0,0.7165715,502.5118,2.0
3725,1.0,0.9839685,1.0,0.8925764,1205.6245,2.0
3759,,0.22482607,0.0,0.5157903,1833.1912,2.0
3807,0.0,0.16805029,0.0,0.23799227,984.2566,2.0
3822,,0.72524154,1.0,0.5233004,1122.5918,2.0
3849,,0.666108,1.0,0.47240442,213.65881,2.0
3905,,0.23456639,0.0,0.22139525,777.02014,2.0
3934,,0.3041151,,0.31221926,207.7475,2.0
3938,,0.6812778,,0.52987105,416.82233,2.0
3974,,0.25002,,0.42513812,6655.3135,2.0
3980,,0.7183593,1.0,0.67549306,1835.6135,2.0
4023,,0.6982433,0.0,0.67306626,1192.6333,2.0
4046,1.0,0.5413962,1.0,0.62215245,1216.8086,2.0
4058,,0.64203,,0.47621235,782.70245,2.0
4062,,0.5513298,,0.60442156,12404.89,2.0
4080,,0.7005167,,0.6306844,431.61966,2.0
4130,1.0,0.31221715,1.0,0.3838075,747.3938,2.0
4147,,0.61411667,,0.48429114,127.34777,2.0
4153,1.0,0.5001088,1.0,0.49997976,218.9081,2.0
4173,,0.6701431,,0.57782644,346.86243,2.0
4180,1.0,0.629453,1.0,0.6188603,289.29718,2.0
4184,,0.5822601,1.0,0.59070736,370.76175,2.0
4189,,0.60962385,1.0,0.53157234,353.5252,2.0
4194,,0.5187385,,0.51142997,279.45294,2.0
4200,0.0,0.6299146,0.0,0.47526577,373.717,2.0
4202,,0.4641734,1.0,0.5378376,521.5764,2.0
4205,,0.5802862,,0.54035455,410.5646,2.0
4247,1.0,0.33057988,1.0,0.33474723,842.3997,2.0
4254,0.0,0.4902944,0.0,0.49019277,405.8866,2.0
4265,,0.29826435,,0.31878534,488.38763,2.0
4292,1.0,0.95969176,1.0,0.6032615,563.564,2.0
4299,,0.82303005,,0.50137883,1296.4418,2.0
4316,0.0,0.38823107,0.0,0.40367532,1709.9633,2.0
4333,0.0,0.9185756,0.0,0.33384728,871.1853,2.0
4334,,0.90546393,,0.22546996,669.96967,2.0
4349,,0.07727553,,0.10562234,1761.0825,2.0
4356,,,,,2172.691,2.0
4395,,0.30874336,,0.45453826,818.6185,2.0
4453,,0.6850972,,0.6881574,6049.8975,2.0
4468,1.0,0.7231912,1.0,0.7208598,3496.7224,2.0
4490,,0.8425669,,0.8131651,3404.814,2.0
4500,,0.89851254,1.0,0.8998259,1639.6234,2.0
4502,1.0,0.5746456,1.0,0.6773666,1573.4541,2.0
4515,,0.39937812,,0.4428143,804.4044,2.0
4531,1.0,0.39330262,1.0,0.5756714,2097.7886,2.0
4532,1.0,0.30049795,1.0,0.6321707,2422.182,2.0
4542,,0.34488285,0.0,0.7173108,1376.7433,2.0
4561,,0.3764728,,0.7649651,1738.2632,2.0
4565,,0.995974,,0.5942598,1318.3813,2.0
4660,,0.8388764,1.0,0.77759063,693.4865,2.0
4676,,0.9210347,1.0,0.93265355,697.18384,2.0
4747,,0.635271,1.0,0.5016397,497.4939,2.0
4759,,,0.0,,1138.2406,2.0
4763,,0.7694527,,0.7371756,3176.4211,2.0
4789,,0.8842331,,0.71432304,2248.7083,2.0
4829,,0.49091104,,0.49364996,1048.4648,2.0
4836,,0.66183364,,0.51246244,859.5823,2.0
4857,,0.70375985,,0.65669507,1984.8308,2.0
4867,,,,,795.72253,2.0
4885,,0.6948855,1.0,0.86054224,632.0892,2.0
4921,,0.37087667,1.0,0.6730545,604.12177,2.0
4944,,0.66276443,1.0,0.8431121,268.47116,2.0
4969,0.0,0.34277827,0.0,0.7214225,63.6432,2.0
4985,,0.78105146,,0.91239077,241.7576,2.0
4991,,0.6883465,,0.8793229,180.23126,2.0
5017,,0.49899778,0.0,0.73401487,181.95892,2.0
5021,,0.32112065,,0.6345568,13261.259,2.0
5023,,0.7213209,,0.87432873,999.00757,2.0
5027,0.0,0.74085087,0.0,0.8961079,435.2978,2.0
5055,0.0,0.45139468,0.0,0.58152145,1433.7662,2.0
5076,,0.27714878,,0.6897613,321.22003,2.0
5077,,0.75350165,1.0,0.7636125,140.09445,2.0
5089,,0.84692395,0.0,0.7792395,1759.4237,2.0
5092,,0.9217149,,0.85177386,2504.0332,2.0
5121,,0.9174183,,0.81821007,2652.2761,2.0
5123,,0.77586627,1.0,0.6953581,9011.976,2.0
5164,1.0,0.5813726,1.0,0.6454132,5301.6494,2.0
5204,1.0,0.8681177,1.0,0.79776806,546.6051,2.0
5216,,0.36564547,0.0,0.38262513,692.2536,2.0
5217,,0.10496525,1.0,0.26362404,26903.283,2.0
5230,,0.6136455,,0.60029584,829.2169,2.0
5232,,0.83486813,,0.83991075,768.9083,2.0
5278,,0.45906097,,0.33269805,20967.107,2.0
5307,,0.6277645,,0.58540714,17378.334,2.0
5318,,0.5417222,,0.44496304,18583.246,2.0
5321,,0.28164512,,0.38994363,662.8031,2.0
5337,,0.7730303,1.0,0.6849029,811.5112,2.0
5343,,0.89024776,,0.8453852,7305.43,2.0
5357,,0.9535738,,0.8841157,4538.9614,2.0
5362,0.0,0.45443946,0.0,0.6576167,4952.9067,2.0
5371,,0.7626029,1.0,0.8184206,2505.094,2.0
5387,,0.7973191,,0.8487507,15249.672,2.0
5402,,0.8161529,,0.83233064,5642.7134,2.0
5420,,0.41353396,0.0,0.7384805,2200.8057,2.0
5428,,0.5597516,,0.91122013,1111.9249,2.0
5475,,0.69981307,1.0,0.7820726,2185.8115,2.0
5517,,0.76447433,,0.907817,1060.5846,2.0
5530,,0.31306893,,0.61779636,980.61993,2.0
5584,,0.36874846,,0.4624159,2419.6199,2.0
5646,,0.36689255,,0.5947585,101.079445,2.0
5666,,0.34352344,,0.7395867,1037.0652,2.0
5697,,0.60895133,,0.40751776,305.0962,2.0
5709,,0.40993682,1.0,0.2944693,628.8745,2.0
5724,,0.71755236,1.0,0.5742985,567.8808,2.0
5738,,0.42852625,,0.337039,357.2175,2.0
5792,,0.5607455,,0.4485869,1005.3798,2.0
5806,,0.58342445,1.0,0.45257008,1134.711,2.0
5817,,0.73617977,1.0,0.5974649,583.7851,2.0
5859,,0.795103,,0.6244581,1269.8964,2.0
5860,,0.73005944,,0.38538945,1228.0061,2.0
5875,,0.78827465,0.0,0.82203233,538.0738,2.0
5886,1.0,0.8288582,1.0,0.8788433,1475.9192,2.0
5904,,0.4846943,,0.6817545,3243.6482,2.0
5907,,0.76999694,,0.77697796,6027.776,2.0
5996,,0.3009906,1.0,0.39372796,199.06152,2.0
6004,,0.32272598,1.0,0.18410431,1673.2338,2.0
6034,,0.120028295,,0.22980164,4739.0103,2.0
6094,,0.32211545,,0.19035216,4263.2847,2.0
6106,,,1.0,,156.57504,2.0
6108,,,,,96.2961,2.0
6109,,,,,100.16346,2.0
6117,,0.5283265,,0.18231818,903.73535,2.0
6202,1.0,0.7022275,1.0,0.63163215,1241.4159,2.0
6229,0.0,0.5266896,0.0,0.68555635,686.3896,2.0
6239,,0.7219567,1.0,0.7385843,890.24695,2.0
6243,,0.5779106,1.0,0.6278991,1013.42316,2.0
6272,1.0,0.82117176,1.0,0.94035476,15789.548,2.0
6284,,0.8907554,1.0,0.8923201,977.5076,2.0
6319,,0.50463676,,0.44290826,516.5602,2.0
6330,,0.9343018,,0.90117335,1216.3105,2.0
6348,,0.9526211,,0.7494911,1066.3585,2.0
6384,1.0,0.94291914,1.0,0.727619,2945.7578,2.0
6394,,0.70103776,,0.6713343,2266.975,2.0
6415,,0.79925764,,0.7581399,2996.0962,2.0
6430,,0.7092382,1.0,0.60253024,2849.3818,2.0
6484,,0.82935256,,0.68956023,4649.515,2.0
6507,,0.82852,,0.72943354,13837.775,2.0
6520,,0.8243802,,0.74903345,7138.839,2.0
6554,,0.63476783,,0.60032743,823.23804,2.0
6604,,0.77511203,1.0,0.7039054,383.43802,2.0
6677,,0.5969419,0.0,0.41406867,5442.3228,2.0
6697,,0.65587807,,0.3504336,246.29312,2.0
6743,,0.79853725,1.0,0.8242525,9935.602,2.0
6747,,0.3140623,1.0,0.63695467,85141.49,2.0
6752,1.0,0.59072614,1.0,0.6343676,18508.0,2.0
6778,1.0,,1.0,,8763.472,2.0
6780,,0.8524163,,0.8784822,8997.9,2.0
6898,,0.15776026,,0.13837765,40251.03,2.0
6901,,0.72061515,,0.6828937,900.99756,2.0
6908,,0.6589261,,0.68164724,1243.3252,2.0
6931,,0.82672626,,0.77276015,2005.5889,2.0
6958,,0.58835304,,0.72233796,1115.1964,2.0
7007,,0.54852724,,0.68046135,3002.577,2.0
7013,,0.5824462,0.0,0.7864294,3333.3733,2.0
7075,,0.57601625,,0.74765986,9326.153,2.0
7080,,0.80396575,1.0,0.77634275,4205.633,2.0
7091,0.0,0.73040456,0.0,0.5719908,4070.5361,2.0
7117,0.0,0.6580741,0.0,0.46563822,3807.2104,2.0
7172,,0.45326862,0.0,0.4694427,1329.0016,2.0
7228,,0.18294133,,0.3521531,610.5072,2.0
7236,,0.46142313,0.0,0.52707565,22534.871,2.0
7258,0.0,0.26737273,0.0,0.39433897,1955.2834,2.0
7270,1.0,0.25115108,1.0,0.24276814,1552.0007,2.0
7382,1.0,0.7680107,1.0,0.7379715,6924.7188,2.0
7384,,0.60618633,,0.5850819,7933.0923,2.0
7414,,0.72130334,1.0,0.87466395,2031.9897,2.0
7418,,0.5927724,1.0,0.585693,1408.1997,2.0
7426,,0.45114043,,0.5553475,1003.5982,2.0
7474,,0.6079856,0.0,0.68933564,2338.838,2.0
7507,1.0,0.7514898,1.0,0.7955241,879.28253,2.0
7512,1.0,0.8832002,1.0,0.87749445,1193.3503,2.0
7527,,0.8636779,,0.7145936,584.1841,2.0
7542,,0.888958,1.0,0.7610297,2335.8127,2.0
7582,1.0,0.32060796,1.0,0.4687746,1276.759,3.0
7633,,0.3353773,,0.29997668,877.2758,3.0
7650,1.0,,1.0,,719.0882,3.0
7759,,0.32718816,,0.3138057,1704.8385,3.0
7765,,0.100833446,,0.16132586,770.65515,3.0
7779,,0.3884268,,0.24765494,1646.6953,3.0
7818,,0.18025137,1.0,0.4578082,2031.7764,3.0
7821,,0.3763909,0.0,0.5383782,4048.958,3.0
7842,,0.5013491,,0.77004284,5295.6914,3.0
7844,,0.3328398,0.0,0.25857556,2833.716,3.0
7854,,0.34771037,,0.52258193,7015.1675,3.0
7921,,0.22954763,,0.15042709,29169.996,3.0
7953,,0.41210753,,0.60731006,1223.559,3.0
8039,,0.6697737,,0.639819,746.5117,3.0
8070,,0.7697699,1.0,0.6269533,628.15674,3.0
8146,1.0,0.31773597,1.0,0.29862761,261.67407,3.0
8197,,0.19598705,,0.17649457,3015.2852,3.0
8360,,0.52969235,,0.44994795,117.032745,3.0
8382,0.0,0.53597194,0.0,0.34459183,176.77824,3.0
8403,,0.55862886,0.0,0.49572548,127.24945,3.0
8486,,0.5228828,0.0,0.29742664,2064.6472,3.0
8529,1.0,,1.0,,7724.212,3.0
8555,,0.31666175,0.0,0.33950415,3983.4663,3.0
8653,0.0,0.11795772,0.0,0.30939612,1945.3284,3.0
8683,,0.26395798,,0.3573351,3636.881,3.0
8715,,0.5692206,1.0,0.7277126,4028.3677,3.0
8721,,0.43430075,,0.47643366,1675.8312,3.0
8725,,0.51560086,,0.4740028,858.6181,3.0
8735,,0.18476553,,0.25935087,8127.8105,3.0
8962,0.0,0.6025768,0.0,0.381924,3512.7349,3.0
8974,,0.7497408,,0.94331,3396.3335,3.0
8981,0.0,0.39744556,0.0,0.70843595,5311.3286,3.0
8995,,0.6565126,,0.94327354,394.19763,3.0
9028,,0.50197774,,0.57807755,7424.077,3.0
9053,,,,,226.58633,3.0
9054,1.0,0.537112,1.0,0.34574437,185.96327,3.0
9086,,0.58489454,,0.494404,84.712265,3.0
9109,,0.336181,,0.3438311,140.81216,3.0
9123,,0.299144,,0.18060647,227.79189,3.0
9130,,,,,307.4949,3.0
9139,,,,,488.70163,3.0
9155,,0.20488027,,0.11511822,333.06085,3.0
9167,,0.22072865,,0.12223616,339.55197,3.0
9179,,0.39789236,,0.27234203,145.61937,3.0
9197,,0.54160285,,0.60893136,542.4592,3.0
9204,,0.31332353,1.0,0.48215297,2296.3647,3.0
9370,,0.6915185,,0.5711493,4900.79,3.0
9375,0.0,0.11508471,0.0,0.41475174,4221.7427,3.0
9416,,0.77853715,,0.8060247,2101.5007,3.0
9484,,0.6885301,,0.55411613,4570.84,3.0
9487,,0.6205629,0.0,0.50521135,4776.606,3.0
9502,1.0,0.7612171,1.0,0.65510535,7720.119,3.0
9531,,0.4697162,,0.31662115,397.9442,3.0
9598,1.0,0.42325088,1.0,0.50638676,303.2988,3.0
9610,0.0,0.46274695,0.0,0.6014982,482.94366,3.0
9663,,0.28680554,1.0,0.71413285,103.47477,3.0
9711,,0.3374414,0.0,0.60955626,233.69725,3.0
9746,0.0,0.27544922,0.0,0.45761713,947.18787,3.0
9747,0.0,0.28819385,0.0,0.5071337,1297.583,3.0
9775,,0.49457595,,0.80049115,770.8967,3.0
9832,1.0,0.32417446,1.0,0.6297355,218.31235,3.0
9883,0.0,0.2930843,0.0,0.6223948,7121.3145,3.0
9994,0.0,0.2886563,0.0,0.4302319,436.65994,3.0
10069,,0.5412207,,0.84733135,620.0613,3.0
10091,0.0,0.2856047,0.0,0.54662997,630.58356,3.0
10112,,0.4723214,,0.83038366,575.38385,3.0
10116,,0.37432858,,0.4452272,1221.6298,3.0
10131,0.0,0.19488987,0.0,0.6511457,1523.3374,3.0
10151,,0.39056134,,0.5298719,133663.4,3.0
10172,,0.5519414,1.0,0.7647399,1025.677,3.0
10185,,0.26750058,,0.48398966,84857.59,3.0
10278,0.0,0.43012616,0.0,0.6039046,249.35124,3.0
10282,1.0,0.566159,1.0,0.7082857,58281.633,3.0
10286,,0.58480036,,0.7270152,636.6601,3.0
10326,1.0,0.73728675,1.0,0.5062332,99.00283,3.0
10355,,0.5666542,0.0,0.6878267,425.74387,3.0
10401,,0.4065047,,0.615691,185.67715,3.0
10421,,0.50171393,1.0,0.8318155,323.14005,3.0
10511,,0.59671956,,0.52243453,665.94464,3.0
10528,,0.34246618,,0.6803353,80.257866,3.0
10534,,0.4068474,,0.7722099,91.05568,3.0
10605,,0.85775346,,0.7869611,7644.6313,3.0
10680,,0.47862813,,0.5223864,1134.9653,3.0
10763,,0.22670093,,0.43679026,431.30038,3.0
10775,,0.051773403,,0.15257874,308.12024,3.0
10820,,0.35870478,,0.3040664,29752.08,3.0
10866,,0.59181,,0.42149237,5014.97,3.0
10936,1.0,0.3403071,1.0,0.5905245,377.8863,3.0
10990,,0.27183086,,0.56555843,1281.829,3.0
11207,0.0,0.09347265,0.0,0.293927,460.96637,3.0
11273,,0.3320177,0.0,0.51924866,1218.6383,3.0
11279,,0.18542664,1.0,0.47093123,941.9866,3.0
11432,,0.32675222,,0.46057275,107.81599,3.0
11527,,0.04876334,,0.15509136,5563.0215,3.0
11533,,0.05988123,,0.22237164,4333.8184,3.0
11650,,0.024422202,,0.17375256,9290.881,3.0
11724,,0.37782016,,0.58104545,79.96303,3.0
11744,0.0,0.16658905,0.0,0.33774158,272.4301,3.0
11762,0.0,,0.0,,108.66093,3.0
11811,,0.33532146,,0.5263556,105.48898,3.0
11849,0.0,0.1545795,0.0,0.36900032,309.45737,3.0
11921,,0.21672423,,0.60877186,249.03801,3.0
12019,,0.21876064,,0.52835655,387.0585,3.0
12058,,0.07684114,,0.22078846,3010.1086,3.0
12063,,0.11388503,,0.27831808,126945.64,3.0
12067,,0.39659843,,0.52433294,5817.7695,3.0
12095,,0.35598242,,0.50047046,4971.5894,3.0
12106,,0.08918246,,0.2799413,85190.96,3.0
12121,,0.41910356,,0.4800889,5426.575,3.0
12187,0.0,0.1939662,0.0,0.35398895,109.332825,3.0
12258,,0.6735404,,0.83746725,239.06987,2.0
12260,,0.26641753,,0.47556484,140.08339,3.0
12407,,0.28145823,,0.48547813,5968.817,3.0
12408,,0.15896732,,0.51233923,3676.2646,3.0
12429,,0.14382939,,0.44549522,5749.625,3.0
12463,,0.05522543,,0.18735653,3614.383,4.0
12474,,0.060043786,,0.22253561,832.22876,4.0
12482,0.0,0.014325798,0.0,0.08400707,1575.5018,4.0
12529,,0.07688339,,0.25377035,853.1494,4.0
12575,0.0,0.114565104,0.0,0.23791188,4077.499,4.0
12576,,0.15680262,,0.43633312,77952.164,4.0
12594,,0.05528671,0.0,0.18572822,814.6908,4.0
12646,,0.04021718,,0.17037456,1342.0249,4.0
12688,,0.07229533,,0.17673425,965.20953,4.0
12796,,0.010624898,,0.07546452,89839.875,4.0
12814,,0.1858799,1.0,0.3112381,13280.782,4.0
12902,,0.1381479,,0.09684904,5839.5977,4.0
12908,,,1.0,,6477.2495,4.0
12927,,0.40452397,,0.4134606,7639.303,4.0
13008,,0.3073477,0.0,0.19903557,906.6344,4.0
13081,,0.35508314,1.0,0.49033132,4051.6316,4.0
13103,,0.65543365,1.0,0.7799888,17157.643,4.0
13257,,0.30277792,,0.39327717,12917.395,4.0
13314,,0.80000365,,0.51371944,2511.7412,4.0
13316,,0.7529413,0.0,0.46732023,1754.9663,4.0
13334,,0.40591902,0.0,0.15979993,3354.8782,4.0
13342,,0.607279,0.0,0.3196041,1604.0406,4.0
13351,,0.9467141,,0.85186493,1107.5621,4.0
13355,1.0,0.62963843,1.0,0.76323515,4362.9736,4.0
13370,,0.9550992,,0.673245,1542.054,4.0
13406,1.0,0.60257137,1.0,0.3142442,2291.0671,4.0
13648,,0.29029775,,0.13844042,1096.747,5.0
13658,,0.36880538,1.0,0.3712442,340.95087,5.0
13795,,0.50637996,0.0,0.3565897,592.4389,5.0
13807,,0.040424548,,0.4013237,10674.095,5.0
13853,,0.6304156,1.0,0.7932356,3999.9792,5.0
13968,0.0,0.48650047,0.0,0.47439587,2165.3625,5.0
13986,,0.467012,,0.39740217,2836.594,5.0
14016,,0.28533274,1.0,0.49456608,1787.4381,5.0
14032,,0.38787866,1.0,0.4852494,7123.265,5.0
14055,,0.29734576,,0.36168745,1130.9136,5.0
14061,1.0,0.31785527,1.0,0.28829104,490.4088,5.0
14084,1.0,0.29397035,1.0,0.4754781,318.52908,5.0
14141,0.0,0.16093074,0.0,0.37458286,142.22238,5.0
14249,0.0,0.4577674,0.0,0.64273435,577.4615,5.0
14312,,0.5633568,,0.49006277,2089.7124,5.0
14337,1.0,0.5527835,1.0,0.64655554,885.30066,5.0
14419,,0.54781264,,0.77697754,910.4354,5.0
14422,0.0,0.18819411,0.0,0.6798135,679.4644,5.0
14432,,0.23005277,,0.512548,1290.3148,5.0
14436,1.0,0.22335996,1.0,0.52536476,544.49945,5.0
14437,0.0,0.5188046,0.0,0.718644,568.03577,5.0
14455,,0.51195264,,0.21880007,534.1404,5.0
14563,0.0,0.30702898,0.0,0.36426908,2531.4873,5.0
14613,,0.12172883,,0.2834991,2757.1277,5.0
14656,,0.14928956,,0.29947373,846.4876,5.0
14659,,0.115085416,0.0,0.22461763,2345.1719,5.0
14706,,0.22930321,0.0,0.39534688,2989.0242,5.0
14710,0.0,0.13730237,0.0,0.30308923,15016.637,5.0
14715,,0.1589319,0.0,0.30355325,6986.338,5.0
14720,,0.07646481,,0.34926987,64122.94,5.0
14722,,0.43561476,,0.29557455,3417.9946,5.0
14724,,0.86351836,,0.61534756,2593.9062,5.0
14739,,0.09312085,,0.37119424,1440.062,5.0
14809,,0.17897566,1.0,0.74387616,348.6674,5.0
14813,,0.06577689,0.0,0.63290477,313.1803,5.0
14845,,0.3065049,,0.6412647,1538.6677,5.0
14850,,0.8492912,,0.8713001,1226.6449,5.0
14918,,0.26130047,,0.42038876,354.40646,5.0
14966,,0.47291043,,0.65819275,179.32973,5.0
15059,,0.2511973,0.0,0.25492746,256.93103,5.0
15093,,0.116121605,,0.2972026,589.4153,5.0
15170,,0.51956576,,0.55824596,920.63464,5.0
15174,,0.7225586,1.0,0.70863324,1076.8955,5.0
15185,1.0,,1.0,,1044.8645,5.0
15238,,,1.0,,505.39023,
15310,,,,,840.3795,
15398,,,,,2639.9414,
15426,,,,,57551.44,
