cpf,nome,data_nascimento
104.332.181-00,Thiago Machado Oliveira,1957-09-03
133.890.838-39,Gisele Almeida Mendes,1979-12-16
026.542.351-14,Fernanda Moreira Alves,1987-03-17
594.078.161-68,Renato Vieira Cavalcanti,1987-06-12
931.034.131-90,Elisa Fernandes Freitas,1987-09-24
255.341.928-79,Ingrid Lopes Costa,1996-06-21
648.350.305-91,Felipe Fernandes Rodrigues,1973-12-05
953.767.242-55,Rafaela Castro Teixeira,1978-07-28
969.653.287-38,Fernanda Souza Pereira,1968-09-17
269.166.978-57,Sergio Castro Silva,1965-04-11
845.146.270-70,Ingrid Soares Gonçalves,1971-01-11
814.893.252-20,Patricia Santana Silva,1984-01-30
701.543.039-84,Fernanda Ferreira Ramos,1961-03-17
822.782.489-79,Heitor Carvalho Teixeira,1973-01-17
465.787.133-10,Eduardo Dias Santos,1975-08-24
930.103.105-10,Eduardo Gonçalves Lopes,1979-12-26
738.299.737-56,Gisele Martins Alves,1963-09-12
656.670.106-07,Ingrid Dias Alves,1977-04-22
338.726.247-76,Rafaela Rodrigues Mendes,1963-10-14
080.132.677-09,Olivia Nunes Souza,1969-10-08
606.474.687-43,Juliana Martins Vieira,1974-07-13
098.050.097-42,Natalia Santana Costa,1960-02-07
812.191.361-66,Sofia Lopes Moraes,1958-07-26
916.998.543-00,Debora Rocha Lopes,1978-10-30
624.751.079-95,Sofia Alves Rodrigues,2003-03-27
384.251.354-27,Lucas Mendes Teixeira,1982-02-20
980.841.241-61,Gabriel Castro Gomes,1979-06-08
493.534.874-71,Daniela Ferreira Machado,1979-10-28
005.242.786-28,Renato Silva Pereira,1961-10-01
280.598.262-20,Carlos Barbosa Andrade,1958-07-31
533.158.692-94,Rafaela Costa Ribeiro,1991-12-28
025.634.216-40,Carlos Cardoso Almeida,1972-11-26
754.330.365-53,Tatiana Rodrigues Fernandes,1986-07-03
868.501.429-84,Sergio Oliveira Alves,1993-12-26
556.981.693-30,Sergio Oliveira Machado,1955-02-25
883.561.595-04,Debora Pereira Barbosa,2000-06-30
465.648.236-65,Debora Moreira Ribeiro,1981-12-31
680.443.699-70,Caio Rocha Freitas,1994-08-20
738.721.489-15,Bernardo Ferreira Lopes,1982-11-06
332.003.791-97,João Marques Menezes,1972-06-11
676.320.163-09,Mariana Santana Freitas,1959-07-04
831.727.889-11,Adriana Mendes Cavalcanti,2000-04-14
687.277.434-70,Mateus Santana Ramos,1976-06-18
471.434.558-30,Fernanda Lima Gomes,1975-09-30
623.166.587-92,Gisele Souza Carvalho,1992-09-10
690.967.054-08,Larissa Moreira Marques,2003-04-15
893.734.670-26,Elisa Dias Nunes,1969-10-22
729.806.990-04,Fernanda Machado Lima,1996-06-02
204.653.755-61,Larissa Moreira Fernandes,1992-10-26
417.080.531-31,Mateus Oliveira Santos,1977-03-08
309.232.719-53,Olivia Freitas Soares,1988-02-04
299.124.190-06,Yasmin Menezes Moreira,1990-08-02
319.314.919-50,Carlos Nascimento Teixeira,1993-06-07
518.506.716-05,Diego Freitas Gomes,1994-01-26
284.987.769-70,Tatiana Rocha Lopes,1962-10-10
473.799.650-50,Marcelo Rocha Ribeiro,1998-09-28
354.549.480-20,Otavio Martins Ferreira,1976-08-26
678.377.701-45,Vinicius Almeida Nunes,1976-10-29
495.788.568-06,Bernardo Nascimento Freitas,1979-04-22
443.135.182-58,Natan Carvalho Cardoso,1979-10-22
989.413.435-18,Mariana Barbosa Silva,2002-12-02
240.084.271-04,Ana Menezes Vieira,1997-02-10
775.204.711-28,Felipe Ramos Rodrigues,1959-10-23
229.413.186-07,Vanessa Araújo Cavalcanti,1975-04-01
867.749.649-15,Wagner Souza Cavalcanti,1963-11-26
334.123.281-89,Lucas Silva Marques,1995-06-02
974.034.471-23,Enzo Almeida Soares,1972-09-30
618.324.210-15,Lucas Barbosa Araújo,1980-11-22
717.464.887-86,Isabela Ferreira Araújo,1958-07-30
659.401.399-81,Bruno Fernandes Menezes,1958-08-11
278.742.967-02,Fernanda Cardoso Nascimento,1991-08-20
551.256.746-21,Larissa Castro Oliveira,1995-10-21
154.516.808-33,João Marques Souza,1971-10-30
859.770.348-22,Igor Vieira Mendes,1998-06-27
109.324.808-45,Gisele Ferreira Almeida,1965-03-06
712.748.467-81,Leticia Lopes Freitas,1967-12-23
639.821.465-00,Natalia Fernandes Silva,1980-05-17
499.727.875-08,Bernardo Castro Teixeira,1988-11-03
753.396.360-11,Adriana Cardoso Moreira,1989-08-21
270.289.517-40,Gabriel Santana Freitas,1956-05-17
262.174.596-20,Caio Ferreira Dias,2002-11-15
657.809.134-39,Paulo Ferreira Machado,1963-10-31
172.400.504-91,Camila Andrade Machado,1968-01-23
386.922.219-02,Elisa Cavalcanti Lopes,1999-08-25
923.747.407-57,Vinicius Teixeira Costa,1961-08-17
759.464.743-24,Elisa Cardoso Alves,1976-04-12
695.944.064-53,Ana Menezes Souza,1999-07-25
439.533.942-58,Alice Alves Oliveira,1982-09-19
709.521.456-50,Mariana Martins Lima,2003-05-24
588.424.745-17,Helena Freitas Rodrigues,1967-08-18
368.516.048-68,Helena Freitas Andrade,1978-07-09
965.137.098-06,Adriana Cavalcanti Almeida,1960-09-02
746.120.047-01,Helena Alves Lopes,2003-03-24
267.586.926-04,Caio Alves Ramos,1991-08-13
405.377.351-27,Enzo Andrade Teixeira,1987-03-07
064.317.139-82,Bruno Souza Dias,1976-11-07
293.183.933-77,Bernardo Gomes Araújo,1955-04-03
422.842.102-44,Ana Nascimento Lopes,1984-01-18
024.026.811-36,Leticia Mendes Andrade,2001-01-16
917.839.084-24,João Santos Souza,1997-12-21
