id_pergunta,categoria,respondibilidade_provisoria,pergunta_rascunho,documentos_referencia_provisorios,tema_base_para_revisao,status,decisao_curadoria,trechos_relevantes,observacoes
P01,factual,respondível,"Qual é o tema e a informação principal registrada no pronunciamento de Davi Alcolumbre, em 2019-02-01?",450377,"Abertura da 1ª Reunião Preparatória da 1º Sessão Legislativa da 56ª Legislatura, destinada à eleição e posse da Mesa do Senado Federal para o biênio 2019/2020.",rascunho_automatico,,,
P02,foco_autor,respondível,Qual posição ou argumento é atribuído a Randolfe Rodrigues nesse pronunciamento?,450382,"Apresentação de Questão de Ordem, nos termos dos arts. 60 e 403 do Regimento Interno do Senado Federal,  combinados com os arts. 2º, 5º, inciso LX, e art. 37, caput, da Constituição da República, acerca da pertinência da votação aberta e em dois turnos para a eleição do Presidente do Senado.",rascunho_automatico,,,
P03,desambiguacao,respondível,Qual dos elementos do pronunciamento de Lasier Martins permite distingui-lo de outros registros sobre o mesmo tema?,450383,"Apresentação de Questão de Ordem, com fundamento no art. 60, caput, e art. 291, inciso II, do Regimento Interno do Senado federal, em defesa do voto aberto para a eleição do Presidente do Senado.",rascunho_automatico,,,
P04,evidencia_negativa,não respondível,Há no corpus um pronunciamento do Senado sobre esse mesmo tema antes de 1º de fevereiro de 2019?,,Ausência temporal a confirmar; não usar como fato sem consulta.,rascunho_automatico,,,
P05,comparacao_autores,respondível,Que semelhanças e diferenças aparecem entre os pronunciamentos de Eduardo Braga e Davi Alcolumbre?,450384;463611,Manifestação acerca da impossibilidade de apresentação de questão de ordem em sessão preparatória para eleição do Presidente do Senado Federal. / Abertura da Sessão Solene destinada à inauguração da 2ª Sessão Legislativa Ordinária da 56ª Legislatura.,rascunho_automatico,,,
P06,comparacao_temporal,respondível,Como o tratamento do tema se compara entre os registros de 2020-02-03 e 2021-02-01?,463612;474846,"Leitura de Mensagem do Presidente da República na Sessão Solene destinada à inauguração da 2ª Sessão Legislativa Ordinária da 56ª Legislatura. / Discurso como candidato à Presidência do Senado Federal.
Anúncio da retirada da candidatura de S. Exa. em solidariedade e apoio à Senadora Simone Tebet.",rascunho_automatico,,,
P07,numerica,respondível,"Quais números, datas ou referências normativas são mencionados no pronunciamento de DIAS TOFFOLI?",463613,Fala do Presidente do Supremo Tribunal Federal (STF) na Sessão Solene destinada à inauguração da 2ª Sessão Legislativa Ordinária da 56ª Legislatura.,rascunho_automatico,,,
P08,sintese_tematica,respondível,Que síntese temática pode ser construída a partir dos pronunciamentos de Jorge Kajuru e Davi Alcolumbre?,463615;474845,"Comentários sobre o suposto boicote da TV e Rádio Senado à S. Exa.. 
 / Abertura da 1ª Reunião Preparatória da 3ª Sessão Legislativa do Senado Federal da 56ª Legislatura, destinada à eleição e posse do Presidente do Senado Federal para o biênio 2021/2022.",rascunho_automatico,,,
P09,multietapas,respondível,Quais fatos e relações precisam ser combinados para explicar o tema tratado nos dois pronunciamentos selecionados?,474847;474849,Considerações acerca da eleição do Senador Davi Alcolumbre para a Presidência do Senado em 2019. / Discurso como candidato à Presidência do Senado Federal.,rascunho_automatico,,,
P10,autoria_cruzada,respondível,Como as posições dos dois autores se relacionam no conjunto de pronunciamentos selecionado?,488013;488014,"Apresentação de Questão de Ordem acerca da votação da Medida Provisória nº 1067, de 2021, que ""Altera a Lei nº 9.656, de 3 de junho de 1998, para dispor sobre o processo de atualização das coberturas no âmbito da saúde suplementar"". Defesa da apreciação, pelo Congresso Nacional, do Veto nº 41, de 2019, que dispõe sobre a ampliação do acesso a tratamentos antineoplásicos domiciliares de uso oral pelos usuários de planos de assistência à saúde. / Manifestação de pesar pelos falecimentos dos Srs. Ernando Uchôa Lima, José Cardoso Dutra, Alvino Contarato e das Sras. Olinda Bonturi Bolsonaro e Elza Soares, ocorridos durante o período do recesso parlamentar.",rascunho_automatico,,,
P11,controle_escopo,não respondível,Qual foi a decisão do Senado sobre esse assunto em 2024?,,Fora do período do corpus (encerrado em 2023-01-10).,rascunho_automatico,,,
P12,estresse_recuperacao,não respondível,Localize todos os discursos brasileiros sobre este tema publicados em qualquer legislatura e determine o mais importante.,,Escopo deliberadamente superior ao corpus e sem critério de importância definido.,rascunho_automatico,,,
P13,factual,respondível,"Que informações é o tema e a informação principal registrada no pronunciamento de Davi Alcolumbre, em 2019-02-01?",450377,"Abertura da 1ª Reunião Preparatória da 1º Sessão Legislativa da 56ª Legislatura, destinada à eleição e posse da Mesa do Senado Federal para o biênio 2019/2020.",rascunho_automatico,,,
P14,foco_autor,respondível,Que informações posição ou argumento é atribuído a Randolfe Rodrigues nesse pronunciamento?,450382,"Apresentação de Questão de Ordem, nos termos dos arts. 60 e 403 do Regimento Interno do Senado Federal,  combinados com os arts. 2º, 5º, inciso LX, e art. 37, caput, da Constituição da República, acerca da pertinência da votação aberta e em dois turnos para a eleição do Presidente do Senado.",rascunho_automatico,,,
P15,desambiguacao,respondível,Que informações dos elementos do pronunciamento de Lasier Martins permite distingui-lo de outros registros sobre o mesmo tema?,450383,"Apresentação de Questão de Ordem, com fundamento no art. 60, caput, e art. 291, inciso II, do Regimento Interno do Senado federal, em defesa do voto aberto para a eleição do Presidente do Senado.",rascunho_automatico,,,
P16,evidencia_negativa,não respondível,"Que documentos de outras legislaturas, não presentes neste corpus, tratam deste tema?",,Fora do escopo documental delimitado.,rascunho_automatico,,,
P17,comparacao_autores,respondível,Que semelhanças e diferenças aparecem entre os pronunciamentos de Eduardo Braga e Davi Alcolumbre?,450384;463611,Manifestação acerca da impossibilidade de apresentação de questão de ordem em sessão preparatória para eleição do Presidente do Senado Federal. / Abertura da Sessão Solene destinada à inauguração da 2ª Sessão Legislativa Ordinária da 56ª Legislatura.,rascunho_automatico,,,
P18,comparacao_temporal,respondível,De que modo o tratamento do tema se compara entre os registros de 2020-02-03 e 2021-02-01?,463612;474846,"Leitura de Mensagem do Presidente da República na Sessão Solene destinada à inauguração da 2ª Sessão Legislativa Ordinária da 56ª Legislatura. / Discurso como candidato à Presidência do Senado Federal.
Anúncio da retirada da candidatura de S. Exa. em solidariedade e apoio à Senadora Simone Tebet.",rascunho_automatico,,,
P19,numerica,respondível,"Que números, datas ou referências normativas são mencionados no pronunciamento de DIAS TOFFOLI?",463613,Fala do Presidente do Supremo Tribunal Federal (STF) na Sessão Solene destinada à inauguração da 2ª Sessão Legislativa Ordinária da 56ª Legislatura.,rascunho_automatico,,,
P20,sintese_tematica,respondível,Que síntese temática pode ser construída a partir dos pronunciamentos de Jorge Kajuru e Davi Alcolumbre?,463615;474845,"Comentários sobre o suposto boicote da TV e Rádio Senado à S. Exa.. 
 / Abertura da 1ª Reunião Preparatória da 3ª Sessão Legislativa do Senado Federal da 56ª Legislatura, destinada à eleição e posse do Presidente do Senado Federal para o biênio 2021/2022.",rascunho_automatico,,,
P21,multietapas,respondível,Que fatos e relações precisam ser combinados para explicar o tema tratado nos dois pronunciamentos selecionados?,474847;474849,Considerações acerca da eleição do Senador Davi Alcolumbre para a Presidência do Senado em 2019. / Discurso como candidato à Presidência do Senado Federal.,rascunho_automatico,,,
P22,autoria_cruzada,respondível,De que modo as posições dos dois autores se relacionam no conjunto de pronunciamentos selecionado?,488013;488014,"Apresentação de Questão de Ordem acerca da votação da Medida Provisória nº 1067, de 2021, que ""Altera a Lei nº 9.656, de 3 de junho de 1998, para dispor sobre o processo de atualização das coberturas no âmbito da saúde suplementar"". Defesa da apreciação, pelo Congresso Nacional, do Veto nº 41, de 2019, que dispõe sobre a ampliação do acesso a tratamentos antineoplásicos domiciliares de uso oral pelos usuários de planos de assistência à saúde. / Manifestação de pesar pelos falecimentos dos Srs. Ernando Uchôa Lima, José Cardoso Dutra, Alvino Contarato e das Sras. Olinda Bonturi Bolsonaro e Elza Soares, ocorridos durante o período do recesso parlamentar.",rascunho_automatico,,,
P23,controle_escopo,não respondível,O que ocorreu no Senado sobre esse assunto em 2018?,,Fora do início temporal do corpus.,rascunho_automatico,,,
P24,estresse_recuperacao,não respondível,"Que documentos de outras legislaturas, não presentes neste corpus, tratam deste tema?",,Fora do escopo documental delimitado.,rascunho_automatico,,,
