id,ano,Casa,NomeAutor,Resumo,consulta
450377,2019,Senado Federal,Davi Alcolumbre,"Abertura da 1ª Reunião Preparatória da 1º Sessão Legislativa da 56ª Legislatura, destinada à eleição e posse da Mesa do Senado Federal para o biênio 2019/2020.",abertura reunião preparatória sessão legislativa legislatura destinada eleição posse mesa senado federal biênio 2019
450382,2019,Senado Federal,Randolfe Rodrigues,"Apresentação de Questão de Ordem, nos termos dos arts. 60 e 403 do Regimento Interno do Senado Federal,  combinados com os arts. 2º, 5º, inciso LX, e art. 37, caput, da Constituição da República, acerca da pertinência da votação aberta e em dois turnos para a eleição do Presidente do Senado.",apresentação questão ordem termos arts regimento interno senado federal combinados arts inciso caput constituição
463611,2020,Congresso Nacional,Davi Alcolumbre,Abertura da Sessão Solene destinada à inauguração da 2ª Sessão Legislativa Ordinária da 56ª Legislatura.,abertura sessão solene destinada inauguração sessão legislativa ordinária legislatura
463612,2020,Congresso Nacional,Soraya Santos,Leitura de Mensagem do Presidente da República na Sessão Solene destinada à inauguração da 2ª Sessão Legislativa Ordinária da 56ª Legislatura.,leitura mensagem presidente república sessão solene destinada inauguração sessão legislativa ordinária legislatura
474845,2021,Senado Federal,Davi Alcolumbre,"Abertura da 1ª Reunião Preparatória da 3ª Sessão Legislativa do Senado Federal da 56ª Legislatura, destinada à eleição e posse do Presidente do Senado Federal para o biênio 2021/2022.",abertura reunião preparatória sessão legislativa senado federal legislatura destinada eleição posse presidente senado federal
474846,2021,Senado Federal,Jorge Kajuru,"Discurso como candidato à Presidência do Senado Federal.
Anúncio da retirada da candidatura de S. Exa. em solidariedade e apoio à Senadora Simone Tebet.",discurso candidato presidência senado federal anúncio retirada candidatura solidariedade apoio senadora simone tebet
488013,2022,Senado Federal,Reguffe,"Apresentação de Questão de Ordem acerca da votação da Medida Provisória nº 1067, de 2021, que ""Altera a Lei nº 9.656, de 3 de junho de 1998, para dispor sobre o processo de atualização das coberturas no âmbito da saúde suplementar"". Defesa da apreciação, pelo Congresso Nacional, do Veto nº 41, de 2019, que dispõe sobre a ampliação do acesso a tratamentos antineoplásicos domiciliares de uso oral pelos usuários de planos de assistência à saúde.",apresentação questão ordem acerca votação medida provisória 1067 2021 altera junho 1998 dispor processo
488014,2022,Senado Federal,Rodrigo Pacheco,"Manifestação de pesar pelos falecimentos dos Srs. Ernando Uchôa Lima, José Cardoso Dutra, Alvino Contarato e das Sras. Olinda Bonturi Bolsonaro e Elza Soares, ocorridos durante o período do recesso parlamentar.",manifestação pesar falecimentos ernando uchôa lima josé cardoso dutra alvino contarato sras olinda bonturi
495464,2023,Senado Federal,Rodrigo Pacheco,Consternação com os atos de vandalismo praticados nas sedes dos Poderes da República brasileira em 8 de janeiro de 2023.,consternação atos vandalismo praticados sedes poderes república brasileira janeiro 2023
495465,2023,Senado Federal,Omar Aziz,"Questão de Ordem suscitada pelo Senador Omar Aziz para que seja criada uma Comissão de Senadores e Senadoras com a finalidade de acompanhar as investigações em relação aos atos de vandalismo ocorridos no dia 8 de janeiro, de 2023, quando a sede do senado federal foi invadida e depredada.",questão ordem suscitada senador omar aziz seja criada comissão senadores senadoras finalidade acompanhar investigações
491434,2022,Senado Federal,ELVINA DE CARVALHO LITTIG,Sessão de Debates Temáticos destinada a debater os impactos da violência no trânsito e as possíveis soluções para um trânsito seguro.,sessão debates temáticos destinada debater impactos violência trânsito possíveis soluções trânsito seguro
485839,2021,Congresso Nacional,Rodrigo Pacheco,"Sessão Solene destinada à promulgação da Emenda Constitucional nº 111, de 2021, que altera a Constituição Federal para disciplinar a realização de consultas populares concomitantes às eleições municipais, dispor sobre o instituto da fidelidade partidária, alterar a data de posse de Governadores e do Presidente da República e estabelecer regras transitórias para distribuição entre os partidos políticos dos recursos do fundo partidário e do Fundo Especial de Financiamento de Campanha (FEFC) e para o funcionamento dos partidos políticos.",sessão solene destinada promulgação emenda constitucional 2021 altera constituição federal disciplinar realização consultas populares
