id,ano,data,autor,resumo,papel
450377,2019,2019-02-01,Davi Alcolumbre,"Abertura da 1ª Reunião Preparatória da 1º Sessão Legislativa da 56ª Legislatura, destinada à eleição e posse da Mesa do Senado Federal para o biênio 2019/2020.",candidato_referencia
450382,2019,2019-02-01,Randolfe Rodrigues,"Apresentação de Questão de Ordem, nos termos dos arts. 60 e 403 do Regimento Interno do Senado Federal,  combinados com os arts. 2º, 5º, inciso LX, e art. 37, caput, da Constituição da República, acerca da pertinência da votação aberta e em dois turnos para a eleição do Presidente do Senado.",candidato_referencia
450383,2019,2019-02-01,Lasier Martins,"Apresentação de Questão de Ordem, com fundamento no art. 60, caput, e art. 291, inciso II, do Regimento Interno do Senado federal, em defesa do voto aberto para a eleição do Presidente do Senado.",candidato_referencia
450384,2019,2019-02-01,Eduardo Braga,Manifestação acerca da impossibilidade de apresentação de questão de ordem em sessão preparatória para eleição do Presidente do Senado Federal.,candidato_referencia
463611,2020,2020-02-03,Davi Alcolumbre,Abertura da Sessão Solene destinada à inauguração da 2ª Sessão Legislativa Ordinária da 56ª Legislatura.,candidato_referencia
463612,2020,2020-02-03,Soraya Santos,Leitura de Mensagem do Presidente da República na Sessão Solene destinada à inauguração da 2ª Sessão Legislativa Ordinária da 56ª Legislatura.,candidato_referencia
463613,2020,2020-02-03,DIAS TOFFOLI,Fala do Presidente do Supremo Tribunal Federal (STF) na Sessão Solene destinada à inauguração da 2ª Sessão Legislativa Ordinária da 56ª Legislatura.,candidato_referencia
463615,2020,2020-02-04,Jorge Kajuru,"Comentários sobre o suposto boicote da TV e Rádio Senado à S. Exa.. 
",candidato_referencia
474845,2021,2021-02-01,Davi Alcolumbre,"Abertura da 1ª Reunião Preparatória da 3ª Sessão Legislativa do Senado Federal da 56ª Legislatura, destinada à eleição e posse do Presidente do Senado Federal para o biênio 2021/2022.",candidato_referencia
474846,2021,2021-02-01,Jorge Kajuru,"Discurso como candidato à Presidência do Senado Federal.
Anúncio da retirada da candidatura de S. Exa. em solidariedade e apoio à Senadora Simone Tebet.",candidato_referencia
474847,2021,2021-02-01,Kátia Abreu,Considerações acerca da eleição do Senador Davi Alcolumbre para a Presidência do Senado em 2019.,candidato_referencia
474849,2021,2021-02-01,Lasier Martins,Discurso como candidato à Presidência do Senado Federal.,candidato_referencia
488013,2022,2022-02-02,Reguffe,"Apresentação de Questão de Ordem acerca da votação da Medida Provisória nº 1067, de 2021, que ""Altera a Lei nº 9.656, de 3 de junho de 1998, para dispor sobre o processo de atualização das coberturas no âmbito da saúde suplementar"". Defesa da apreciação, pelo Congresso Nacional, do Veto nº 41, de 2019, que dispõe sobre a ampliação do acesso a tratamentos antineoplásicos domiciliares de uso oral pelos usuários de planos de assistência à saúde.",candidato_referencia
488014,2022,2022-02-02,Rodrigo Pacheco,"Manifestação de pesar pelos falecimentos dos Srs. Ernando Uchôa Lima, José Cardoso Dutra, Alvino Contarato e das Sras. Olinda Bonturi Bolsonaro e Elza Soares, ocorridos durante o período do recesso parlamentar.",candidato_referencia
488015,2022,2022-02-02,Fabiano Contarato,"Agradecimentos ao Presidente do Senado Federal, Senador Rodrigo Pacheco, e aos demais Senadores pelas manifestações de solidariedade em decorrência do falecimento do pai de S. Exa., Sr. Alvino Contarato.",candidato_referencia
488016,2022,2022-02-02,Rodrigo Pacheco,"Solidariedade aos brasileiros afetados pelo grande volume de chuvas nos últimos meses, nos Estados da Bahia, do Espírito Santo, de Goiás, do Maranhão, de Minas Gerais, do Pará, do Piauí, do Rio de Janeiro, de Tocantins e de São Paulo.",candidato_referencia
495464,2023,2023-01-10,Rodrigo Pacheco,Consternação com os atos de vandalismo praticados nas sedes dos Poderes da República brasileira em 8 de janeiro de 2023.,candidato_referencia
495465,2023,2023-01-10,Omar Aziz,"Questão de Ordem suscitada pelo Senador Omar Aziz para que seja criada uma Comissão de Senadores e Senadoras com a finalidade de acompanhar as investigações em relação aos atos de vandalismo ocorridos no dia 8 de janeiro, de 2023, quando a sede do senado federal foi invadida e depredada.",candidato_referencia
495466,2023,2023-01-10,Rodrigo Pacheco,"Resposta a solicitação de Questão de Ordem suscitada pelo Senador Omar Aziz para que seja criada uma Comissão de Senadores e Senadoras com a finalidade de acompanhar as investigações em relação aos atos de vandalismo ocorridos no dia 8 de janeiro, de 2023, quando a sede do senado federal foi invadida e depredada.",candidato_referencia
495467,2023,2023-01-10,LAEL VIEIRA VARELLA,"Comunidado do Senador Lael Varella, de filiação partidária (PSD), adoção do nome parlamentar e diplomação.",candidato_referencia
